Ticker,Date,BOED,OCF/BOED,ROA,CostExpenses/BOED,Stock/Oil ZScore,PGR,Monthly Return
NFG,2025-12-31,53051.0,5182.202032006937,1.973142794077519,7075.908088443196,2.825965906205209,11.73,8.88084040365845
COP,2025-12-31,224000.0,88375.0,6.550816391802458,29205.35714285714,1.994984985064348,21.73913043478261,16.205524084625225
FANG,2025-12-31,497156.0,17616.20095100934,2.3417160387846723,27677.429217388504,2.364789700609543,53.53,12.146606987577277
DVN,2025-12-31,389000.0,17251.928020565552,8.361024083040602,7275.064267352185,1.153904326243242,-0.41000000000000003,20.22931922287652
EXE,2025-12-31,16164.0,283036.37713437265,6.430515784636052,597191.2892848304,2.37667099203286,90.67272727272727,-6.89561486794497
MTDR,2025-12-31,207070.0,11711.088037861593,6.48321187467492,11927.053653353938,1.333320174292614,20.94,11.663533433665622
CNX,2025-12-31,297100.0,3463.3355772467185,6.962073335747994,4834.039044092898,3.128684916227737,14.19,8.322005262974976
GPOR,2025-12-31,183006.0,4388.888888888889,14.121285739749268,4492.524835251304,2.429356816866025,-1.77,-6.173379132441869
TALO,2025-12-31,65900.0,14200.698027314113,-8.90282646593866,35513.657056145676,-0.402151309911282,2.16,14.609796640643417
DMLP,2025-12-31,11010.0,12033.151680290644,18.527300567913837,8672.11625794732,2.3366056814337632,0.6910000000000001,16.710294282880326
CVX,2025-09-30,6609000.0,3502.799213194129,1.083917047727265,6704.796489635346,1.890710780811948,7.22,-1.2685841273981842
NFG,2025-09-30,201552.0,5457.782606969913,5.946757831997417,7264.041041517822,3.088965471323187,8.7515,-13.954745388663907
SLNG,2025-09-30,100000.0,79.34,1.284169937340769,195.32,-0.937631530199959,0.0,9.174313832990853
FANG,2025-09-30,503750.0,12734.491315136476,1.3357301247818612,5335.980148883375,1.586286640404571,3.64,2.145352146790834
DVN,2025-09-30,390000.0,4333.333333333333,2.200442010185452,7256.410256410257,0.545046211159532,1.43,0.45636329211882704
RRC,2025-09-30,371305.0,2461.0980191486783,2.00488679607817,1522.1556402418496,0.5644722473435221,1.0602,2.125394571356494
MTDR,2025-09-30,205648.0,9484.974325060297,1.514281975644963,3078.250213957831,1.141840416112915,27.62,-10.385688167818174
CNX,2025-09-30,217700.0,3362.0027560863573,2.269770009786483,1461.40560404226,1.980666504820598,16.62,15.255297910408055
CRC,2025-09-30,137000.0,2036.4963503649635,0.948007702562583,5518.248175182482,2.015333854987704,38.38383838383838,-10.28582073625535
GPOR,2025-09-30,193048.0,3200.0383324354566,3.7953386632685913,1143.5290704902407,1.47573388262462,5.91,16.896896095130938
TALO,2025-09-30,126933.0,5782.940606461677,-1.682703273643468,4224.543656889855,-0.788372926961548,-1.3599999999999999,8.342024796725168
DMLP,2025-09-30,3719.0,26396.611992471095,3.381934964419005,6518.687819306265,2.42338989684758,-15.78,-5.689560137818118
REPX,2025-09-30,16263.0,9080.182008239562,1.37156709514848,4795.548176843141,-0.07197212756238401,24.24,-2.987103996583203
CKX,2025-09-30,1000000.0,0.336296,0.867999547168795,0.11928599999999999,0.15566745883430302,0.0,-7.450627451762616
CVX,2025-06-30,3346500.0,4113.252652024503,0.9927438003349011,12154.489765426564,1.294821897873603,1.6600000000000001,7.856689187130055
NFG,2025-06-30,233600.0,3691.25,1.773800164808623,1291.001712328767,2.4414171977698302,162.3,3.600520018780786
FANG,2025-06-30,485873.0,8298.464825170364,0.9716295297535481,5225.645384699294,1.326757188258927,88.21,0.793318822941915
DVN,2025-06-30,388000.0,3981.958762886598,2.863969417011787,7293.81443298969,0.13372484083925001,20.69,4.746933149560409
EXE,2025-06-30,1301333.3333333333,1858.094262295082,3.486027081532699,1860.3995901639346,2.035924486924708,8.96,-18.00068765283717
RRC,2025-06-30,6382.0,104398.77781259794,3.34376197641388,86843.15261673457,0.72261524170631,-2.07,-15.957700035342041
MTDR,2025-06-30,184659.0,6655.001922462485,1.331792540897932,3285.233863499748,1.31644336544987,30.38,-0.565803803382953
CNX,2025-06-30,297254.0,1675.829425339945,4.812276372135903,1267.5388724794284,2.154148453995384,14.96,-14.340854750419355
CRC,2025-06-30,107500.0,1534.8837209302326,2.562574493444577,6613.953488372093,1.087861038485903,82.89,6.196628275236759
GPOR,2025-06-30,168368.0,2427.3199182742565,6.233102896916563,1169.1532832842345,1.8412163660444,-8.46,-17.408164533088407
DMLP,2025-06-30,7603.65,8405.962925700158,3.791703518081761,2636.6284613310713,2.590445522713466,16.63,-9.428307257347246
REPX,2025-06-30,14929.5,5627.850899226364,2.9480430392998223,3793.8310057269164,-0.151087004138892,16.37,4.414948644770519
GTE,2025-06-30,32243.0,3346.6798995130725,-0.7508149887209801,4998.41826132804,-0.831816631324618,53.07,-24.947590397879125
CKX,2025-06-30,150000.0,0.6268400000000001,0.852671350053087,-0.15822,-0.006566086637649001,0.0,9.81308606964336
CVX,2024-12-31,3338000.0,9434.391851408029,6.873642668659365,52512.2828040743,0.7074895899667161,6.99,8.438964960876866
NFG,2024-12-31,150000.0,1467.2533333333333,0.5419054603486041,3088.6066666666666,0.25365521140109304,0.0,18.984826490602508
FANG,2024-12-31,336954.0,19032.27146732195,4.9604707840456514,19794.986852804836,1.616905683519102,34.0,-4.175052802363753
DVN,2024-12-31,737000.0,8955.223880597016,9.482108301354588,3839.89145183175,-0.145110558668943,12.5,5.8356399549796985
EXE,2024-12-31,627855.0,2492.6137404336987,-2.559690255969025,8024.145702431294,0.8792778514436881,3.0,5.806116778015205
RRC,2024-12-31,2175504.0,434.15870529311826,3.624820096152864,995.8515360118851,0.222270256257694,1.73,7.476374978802998
CNX,2024-12-31,251513.0,3243.48642018504,-1.063146513770187,5515.213925323939,2.091154926017386,-1.7046000000000001,-17.671115239856775
CRC,2024-12-31,110000.0,5545.454545454545,5.2697967764541,23536.363636363636,1.139747462211327,27.91,-7.053380165251508
TALO,2024-12-31,65800.0,14629.072948328267,-1.2337779270793041,27365.395136778116,-0.9204737696728801,40.08,-3.604535325383166
DMLP,2024-12-31,46586.0,2847.185849826128,25.20337393542196,1482.7201305113124,2.723359752483977,22.53,-1.8622047667164132
GTE,2024-12-31,27890.0,8580.88920760129,0.194345254102189,20881.60631050556,0.16760961941646402,6.86,-20.885203663876894
MXC,2024-12-31,225.33,13052.478586961344,2.401382107803467,11887.129987129987,0.9937670010741401,21.37,2.3936176374607943
CKX,2024-12-31,22061.19,9.28150294703051,1.32764287943108,63.6471559331115,0.20849016764788603,51.31,-9.682541508673365
CVX,2025-03-31,13412000.0,386.8923352221891,1.365070574148683,3133.5371309275274,1.5424031061481451,0.21,-15.314717742223738
SLNG,2025-03-31,100000.0,10.25,-1.9239104261979292,194.01,-0.938452405998868,0.0,14.226805583261816
EOG,2025-03-31,1090400.0,2099.2296404988997,3.113958537312162,3494.1305942773292,1.43497097578399,5.99,-9.0391699544703
FANG,2025-03-31,475944.0,4948.061116433866,2.005252190791539,4990.082866891903,1.5288782790967361,-5.8,-9.419563065413099
DVN,2025-03-31,388000.0,5005.154639175258,1.597258147956544,7293.81443298969,0.326777516090129,-3.893,-9.19787437803177
EXE,2025-03-31,1167276.0,938.9381774319013,-0.8913868404095361,2110.897508387048,1.337599408529762,250.0,1.7876448891387322
RRC,2025-03-31,393409.0,839.032660666126,1.31458253078403,1476.3744601674084,0.44111929742750305,1.62,1.227150672542429
MTDR,2025-03-31,198631.0,3664.478354335426,2.166433060480465,3145.5664020218396,1.16288790558782,31.18,-9.51436958766174
CNX,2025-03-31,67489.0,3195.4244395382952,-2.185490878506206,5262.887285335388,1.447430644887513,5.27,3.303687835611266
CRC,2025-03-31,111000.0,1675.6756756756756,1.684488062106342,6540.540540540541,0.39715207600693103,0.0,-0.43211298837093304
GPOR,2025-03-31,154880.0,1144.6280991735537,-0.015741700408978,1194.6022727272727,1.161291462547649,-11.81,6.90236057130219
TALO,2025-03-31,100900.0,2658.483647175421,-0.16091146200651701,4654.192269573836,-0.9208828120419321,25.28,-10.802470801328747
DMLP,2025-03-31,2712.53,12311.015915031354,5.054463983864221,9408.928196185849,2.397320717198312,16.93,-2.547630216552585
CKX,2025-03-31,100000.0,1.1866400000000001,0.609612940907585,2.36034,0.00478082091366,0.0,-8.593087733137017
NFG,2024-09-30,178667.0,5966.188495916986,0.931672389981934,9711.28412073858,0.37066540213799304,5.18,1.088926584963484
EOG,2024-09-30,1401067.0,6694.897531666937,3.625056878507508,2766.4629885651434,1.353502536940177,7.73,9.076754112214504
FANG,2024-09-30,321054.0,12683.224628878632,1.002327102377294,6027.023491375283,2.03944924979478,13.94,4.3561664059848
DVN,2024-09-30,330000.0,5039.393939393939,2.683144433797046,8575.757575757576,0.597617105497636,6.71,-1.993872720491723
EXE,2024-09-30,591720.0,1999.2564050564456,-0.8512544802867381,1357.0607719867505,0.33681472216276803,3.94,16.206696268026295
RRC,2024-09-30,367410.0,1977.692496121499,0.6995426099418841,1493.897825317765,-0.00032122268525000005,3.84,10.825750386528387
MTDR,2024-09-30,214073.0,7810.074133589944,2.337232407546776,2371.7470208760565,1.15177855823921,29.69,15.82357094083871
CNX,2024-09-30,192640.0,2839.3999169435215,0.767622673517099,1773.5257475083056,1.746962062541639,-1.11,18.145532400331223
CRC,2024-09-30,149000.0,1476.510067114094,4.84006734006734,5604.026845637584,1.367536805316677,88.61,11.511335130941417
GPOR,2024-09-30,1057164.0,474.08443723017433,-0.439468673029266,226.38398583379683,0.689693566004236,0.0262,7.53880934468973
TALO,2024-09-30,128667.0,4766.225994233176,1.377902059609856,3775.1793389136296,-0.777001924835208,51.63,15.652172230442352
REPX,2024-09-30,28949.0,6214.238833811185,2.571765000626331,2931.3965940101557,-0.26873048712840103,20.1,28.534490838471797
CVX,2024-06-30,3143500.0,4174.646095116908,1.701170945811144,14043.263877843168,0.264476669728947,11.83,-7.570931315714628
NFG,2024-06-30,100000.0,8680.15,-0.638577570172138,4688.82,-0.6937510520411381,0.0,8.448642518159096
COP,2024-06-30,1860500.0,5323.300188121472,2.426193303748151,3516.2590701424347,1.034303662439199,6.95,-3.706857359107799
EOG,2024-06-30,1047500.0,5529.355608591885,3.736953829824871,3718.3770883054895,0.581527034792595,7.93,0.696726096272231
FANG,2024-06-30,266017.5,10762.449838826393,2.348682549036114,4988.3936207204415,1.871912477890687,7.53,-3.5638944232081533
TPL,2024-06-30,24900.0,9860.763052208835,8.708753897845478,1570.7630522088352,-0.580295438464238,0.0441,13.028733316302768
DVN,2024-06-30,686000.0,2237.6093294460643,3.354264366902472,4125.364431486881,0.5977524434760111,5.21,-6.7881644841223725
EXE,2024-06-30,459010.0,1657.9159495435829,-1.6681363903586122,1740.702816932093,-0.22010956795516,-23.59,-12.521209665842077
RRC,2024-06-30,358825.0,1339.6641817041734,0.39503329308775603,1449.4502891381592,-0.178893751341167,3.47,-10.35307202570172
MTDR,2024-06-30,160305.0,6621.683665512616,2.6855893325394433,3016.22532048283,1.141145365832647,22.6707,-6.80296409090435
CNX,2024-06-30,129306.0,2914.2499187972717,-0.21226429898381402,2603.7925540964843,0.12558488389376501,1.63,9.745939734615597
CRC,2024-06-30,76000.0,1276.3157894736842,0.178173719376391,6276.315789473684,0.42986630386295105,0.0,-6.8138587707478475
MUR,2024-06-30,182259.0,5263.065198426415,1.290720357399153,3393.2425833566517,1.028532759231705,-1.6099999999999999,-10.518609387386896
GPOR,2024-06-30,181058.0,1720.3713727092975,-0.8094512981267921,1100.398767245855,0.19404262806518502,1.0405,-5.701175430183735
NOG,2024-06-30,31014.0,23622.364093635133,2.9326106576044353,11021.796607983491,1.032249049092893,35.72,2.149680106862864
TALO,2024-06-30,95500.0,4039.6858638743456,0.19461304918141,5181.09947643979,-0.8460705566913891,35.9,-1.008402431981781
DMLP,2024-06-30,4419.0,12986.64856302331,13.422635785742283,3107.490382439466,1.729990158265899,11.03,1.30852299379805
REPX,2024-06-30,13479.5,7994.806929040395,3.344909103780122,3842.2048295559925,-0.442138458450727,21.67,-2.321465776365268
GTE,2024-06-30,52004.0,2577.878624721175,2.636374443310447,2679.1592954388125,0.703344424894614,-4.42,-14.36004332718225
MXC,2024-06-30,456185.0,2.3644223286605213,1.50377606473617,5.871580608744259,0.6043181496676601,-3.47,-0.9640612254039
NFG,2023-12-31,7529.0,35986.718023641915,1.548997076212705,42270.02257935981,-0.6324631869650801,9.4,-6.796882186976626
COP,2023-12-31,1826000.0,10933.734939759037,11.422584546098996,3582.694414019715,1.576983232276402,5.063,-5.126219064343347
EOG,2023-12-31,984658.0,11516.689043302345,17.315365848097226,14810.218370236164,0.8333435001578821,8.42,-7.4928728838163785
TPL,2023-12-31,10140.0,41251.282051282054,35.078320785750236,14353.254437869822,-0.9220996547531901,10.06,-8.634301523472407
DVN,2023-12-31,658000.0,9945.288753799392,15.300122498979174,4300.911854103343,0.788527174139778,7.87,-7.637970455692095
EXE,2023-12-31,630607.0,3774.1414224707305,16.826655537006122,8847.03151090933,-0.134024042888994,-8.62,-1.416706533164434
RRC,2023-12-31,356426.8333333333,2743.5981484746053,12.09266944155827,6381.475206926527,-0.14890939536303302,0.84,-5.223383306262667
CNX,2023-12-31,264700.0,3077.4008311295806,19.94649839445338,4578.855307895731,-0.03646501266949,-3.41,-3.850002288818359
CRC,2023-12-31,52000.0,12557.692307692309,14.107053526763382,38942.307692307695,1.111159785129276,-6.06,-4.023410845353728
GPOR,2023-12-31,175667.0,4116.772074436291,45.015000246357204,4650.019639431424,0.18497400182075102,7.22,-3.52852631826146
NOG,2023-12-31,60310.0,19620.643342729232,20.582437885445856,17317.144752114076,1.359358929094574,30.87,-11.38387579430648
TALO,2023-12-31,49500.0,10486.242424242424,3.8895344962293743,25214.060606060608,-0.36548814680054603,11.38,-13.633166850252888
DMLP,2023-12-31,31038.0,4505.509375604098,59.72679454635857,1600.683033700625,2.007814164798378,-9.89,-1.203037640048325
MXC,2023-12-31,414.0,8151.490338164252,1.8494623978142721,6469.871980676328,0.318140868520762,-2.47,9.63854932228332
CKX,2023-12-31,14.58,60147.66803840878,0.759888985545732,93537.79149519891,0.196544543671194,-26.1,3.39505848061874
CVX,2024-03-31,3346000.0,2040.6455469216976,2.1024188709387692,12191.87089061566,0.249627290667737,12.32,2.8476204976891593
NFG,2024-03-31,150000.0,3908.4066666666668,1.9162328102085682,2528.7733333333335,-0.794858105125796,0.0,5.866927459157176
COP,2024-03-31,1902000.0,2620.925341745531,2.67546251625624,3439.5373291272344,1.499074377739178,6.14,-5.338792929707854
EOG,2024-03-31,1028800.0,2821.7340590979784,3.9936601482275202,3744.167962674961,0.6200233806915291,9.1,0.42115771028806503
FANG,2024-03-31,273341.0,4880.350916986475,2.586729538565173,4057.203273566717,1.6737122447095172,9.7,0.28206156187741105
TPL,2024-03-31,24800.0,5937.258064516129,9.086699969027217,1536.3306451612902,-0.9730479352864541,19.97,6.407067772644938
DVN,2024-03-31,319000.0,5448.275862068966,2.38609976779566,8871.473354231975,0.790421366444029,0.302,-2.198242167075812
EXE,2024-03-31,373000.0,1479.8927613941019,0.185475816806962,2812.332439678284,-0.038894217936041,-85.5,1.181054407358008
RRC,2024-03-31,356916.0,929.9947326541819,1.249870960976836,1499.2715372804805,-0.132469182394044,-0.0456,4.941090377201469
MTDR,2024-03-31,149760.0,3128.752670940171,2.354701021437212,3129.9412393162393,1.584155765261155,41.95,-5.927674073276166
CNX,2024-03-31,384932.0,480.77322747913917,0.079141542413328,982.5995240717841,0.09750088264353601,3.31,0.917819053004957
CRC,2024-03-31,76000.0,1144.7368421052631,-0.25575447570332405,6105.263157894737,0.46611477369533205,-8.43,-11.071903094080291
MUR,2024-03-31,176671.0,5429.532860514742,0.9308386856557751,3635.882516089228,1.622862968372716,-1.71,-5.384465608314038
GPOR,2024-03-31,181676.0,1034.9303155067262,1.5990684930496522,1108.9136704903235,0.31695555412444104,-0.34,-5.092910777948105
NOG,2024-03-31,29800000.0,13.159295302013422,0.250463927993455,11.544530201342281,1.156487291880351,38.2,1.235825168189239
TALO,2024-03-31,318400.0,302.84547738693465,-1.747471086587309,1137.2079145728644,-0.624374466069141,26.64,-11.781611597227712
DMLP,2024-03-31,803705.0,34.797593644434215,9.829989394628054,15.941172445113567,1.944454967890691,-19.92,-4.440311378247651
REPX,2024-03-31,20374.0,2754.736428781781,1.9613829851751312,2413.71355649357,-0.245280144469205,56.46,-21.698202250560865
GTE,2024-03-31,25845.0,2353.5306635712905,-0.005561854236635,5453.743470690656,-0.38327673043734706,1.9959,28.333333554091283
MXC,2024-03-31,421.67,10515.177745630468,7.056835631355379,6352.187729741267,0.6225839556597851,-5.66,3.035490984223549
CKX,2024-03-31,100000.0,-3.37838,-2.182247392530587,5.78455,-0.11969412887198201,0.0,3.146067897323211
CVX,2023-09-30,3028000.0,7653.566710700132,2.472653423105631,14974.240422721268,0.029410840138840003,1.102,-14.600888639676253
NFG,2023-09-30,170000.0,7276.911764705882,5.759070367355615,8344.847058823529,-1.15033927512565,-98.13,-2.21536304136479
SLNG,2023-09-30,100000.0,53.8,-0.25529395804299304,157.92,-1.040318312022458,0.0,15.529408174402574
EOG,2023-09-30,970800.0,8483.724763081995,4.650949664352647,3764.936135146271,0.06866380569213401,2.76,-2.316772516043883
FANG,2023-09-30,260264.0,16506.316663080564,3.262148383186566,3842.2524820951035,0.162829525922417,15.23,2.130663419661378
TPL,2023-09-30,21800.0,14076.055045871559,9.781547236310336,1422.4311926605506,-1.009358684678204,-6.6,-8.894148417351072
DVN,2023-09-30,656000.0,2629.5731707317073,3.753970545769564,4314.024390243902,0.118403342291754,8.97,-4.779896739959224
EXE,2023-09-30,563019.0,3392.425477648179,0.49129702414373905,2545.2071777329006,-0.405845283142571,-17.78,-7.213274343399559
RRC,2023-09-30,471784.0,1593.519491970902,0.7220343167149551,1154.3333389856375,-0.37577092324984,-0.446,2.746049129237884
MTDR,2023-09-30,124248.0,10056.34698345245,3.5452778760191173,3479.2028845534737,0.7476767441989051,20.22,-2.5232713998184133
CNX,2023-09-30,202077.0,3233.7029944031237,0.251759259226551,1639.295911954354,-0.244870935381116,-5.96,-7.573069487380202
CRC,2023-09-30,116000.0,896.551724137931,-0.556680161943319,4094.8275862068967,0.21448820155949003,-4.4,-10.051773024484792
MUR,2023-09-30,104588.0,9171.616246605729,2.567744502482153,5565.992274448311,0.9350803684347151,13.024556,-4.206929285282436
GPOR,2023-09-30,234864.0,2417.0583827236187,19.396062284782715,849.3553716193201,-0.458112191272515,9.46,6.505977880543206
NOG,2023-09-30,69996.0,12014.386536373508,0.6065743544330731,3879.293102462998,0.7974931551851241,29.33,-9.818549372421888
TALO,2023-09-30,65200.0,5257.837423312883,-0.044244808651196,3931.963190184049,-0.489652435562246,20.07,-13.199513417280647
DMLP,2023-09-30,3304.0,30849.273607748182,15.32240869117517,3974.273607748184,1.009935165549422,43.3,-0.6012998762838541
REPX,2023-09-30,18143.0,7792.09612522736,0.9071177322791031,2759.466460894009,-0.449434010357368,66.38,-17.61596498292283
MXC,2023-09-30,410.0,5927.717073170732,1.47883004511416,6532.992682926829,0.6722624287622001,6.66,-9.454872870003568
CKX,2023-09-30,100000.0,2.5242,0.19658746995304202,2.55218,-0.426591251332789,0.0,-5.106707943125829
CVX,2023-06-30,2968000.0,4549.191374663073,2.387014008316817,13833.8948787062,0.794587510345635,-0.33580000000000004,1.201150482415171
NFG,2023-06-30,175704.0,6005.053954377817,1.142521333150437,1562.9012429995903,-0.5336556717198141,9.22,3.952488663011436
FANG,2023-06-30,257261.0,11420.308558234634,1.9171752698182822,3572.2476395567146,0.40390777396814,4.68,12.85372050649178
DVN,2023-06-30,322000.0,4363.3540372670805,2.9543994861913943,8788.819875776397,1.067124061114332,9.58,1.758382033469891
EXE,2023-06-30,104000.0,13500.0,2.709820500381176,13211.538461538461,0.14482675003737902,-20.0,-0.967975960127267
RRC,2023-06-30,346223.0,1737.4524511658672,0.44521699892138206,1709.978828674005,-0.16758483055237403,0.33,8.605448232826062
MTDR,2023-06-30,118735.0,6640.9314860824525,2.308724011677517,3249.378868909757,1.14455324308118,15.95,10.793863901212111
CNX,2023-06-30,131672.0,3398.3382951576646,5.566843318363943,1541.5426210583876,-0.24789259269767702,-7.92,22.74266841313216
CRC,2023-06-30,103000.0,1048.5436893203882,2.4871794871794872,4310.679611650486,0.313570514194538,-3.37,21.15257608032899
GPOR,2023-06-30,166536.0,2470.372772253447,3.665771421327185,1213.6895325935534,-0.24841887400408602,8.36,6.814508121162657
TALO,2023-06-30,102000.0,2716.5,0.28461653556104305,3203.774509803922,-0.360702210240376,4.09,21.268924539333014
DMLP,2023-06-30,1501803.0,45.33284325573993,12.933224489795919,7.201343984530594,1.725357054237367,11.65,0.41188662825652306
REPX,2023-06-30,8287.671232876712,10705.05785123967,3.548361828176791,6624.538842975207,0.0018043368559800001,108.75,-4.8721533317163175
REI,2023-06-30,13332.2,6529.025742188086,2.245808655294945,3727.1689593615456,-0.828800451908077,95.23,9.941517736389924
GTE,2023-06-30,27271.0,3194.9690147042647,-0.8267366242415211,4973.855010817352,-1.021635622711367,17.19,32.3828961710849
MXC,2023-06-30,473.0,3416.902748414376,2.558210168228029,5662.84778012685,1.152286787730914,20.33,4.912575474775695
CVX,2022-12-31,2999000.0,16539.51317105702,13.761645887415652,65547.84928309436,0.67319899757233,-3.23,-5.006391623039912
NFG,2022-12-31,21.92,14933348.540145984,2.085934774479484,18452965.328467153,-0.361927480618968,6.51,-7.140596951167231
EOG,2022-12-31,908219.0,12214.014461269804,18.754683232215804,17326.21757527645,0.449497464576314,9.59,-0.13276569896596702
TPL,2022-12-31,9318.0,47987.658295771624,50.87169644882138,11280.854260570937,-0.8744587532668211,14.66,-4.329373012630358
DVN,2022-12-31,299000.0,28528.428093645485,25.847621503158436,9464.882943143813,1.390902829512542,6.64,-6.958217091873846
EXE,2022-12-31,690129.0,5977.14340362454,31.91104215153866,11538.42252680296,0.007161510737959001,44.65346534653465,-11.878776382692529
RRC,2022-12-31,353465.33,5275.606521295879,17.86067355493768,7733.097896758361,-0.58318639031395,1.7000000000000002,4.636299425312882
CNX,2022-12-31,274052.0,4506.495117714886,-1.668398159509418,5375.468889115934,-0.6203908480411771,-1.71,-4.691216795541063
CRC,2022-12-31,112000.0,6160.714285714285,13.208974035795311,17446.428571428572,-0.42913344568723005,-9.0,-5.424044463614263
MUR,2022-12-31,478734.0,2003.703518028801,1.9342322242700551,4900.324606148717,1.091545025784791,4.69,0.348905197184649
GPOR,2022-12-31,4000.0,184769.25,19.518843912299136,196996.5,-0.9734163816952901,-3.25,-11.35252672411989
NOG,2022-12-31,75511.0,12295.13580802797,26.893534939402013,9499.847704307982,0.141835653334436,40.38,10.447789233084375
TALO,2022-12-31,39900.0,17787.94486215539,12.48648903134937,22953.90977443609,-0.009281074252934,-7.5600000000000005,-1.165250652191021
DMLP,2022-12-31,19865.75,7402.287857241735,74.10620563653592,2023.230937669104,1.140994383618852,-2.6,5.001477257018326
REPX,2022-12-31,8814.0,19320.172452915816,22.9016833108866,13413.206262763784,-0.449195388915323,33.13,8.658157712235319
REI,2022-12-31,4705.0,41865.40467587673,10.92474761049942,33051.0954303932,-0.747904137726461,45.18,-7.723579442038506
EP,2022-12-31,2163.0,8347.56495607952,9.901631943219012,35.72260748959778,2.042043876091428,46.27,5.609752599053226
CKX,2022-12-31,12.93,31994.663573085847,-7.44995785180457,227999.53596287704,-0.8717443493817091,-6.96,-2.814067721995976
CVX,2023-03-31,2979000.0,2418.5968445787175,2.569112808047333,13854.984894259818,0.61156328689339,-2.65,-5.914430848556151
NFG,2023-03-31,161075.0,4415.39034611206,1.768240502798835,3078.5907186093436,-0.392758037435526,7.1,-12.677520710930402
SLNG,2023-03-31,100000.0,0.93,1.247023364432224,258.29,-1.034471300041311,0.0,-7.671238424451686
EOG,2023-03-31,943000.0,3451.749734888653,4.931139549055454,3681.86638388123,0.31714694876624505,1.689,-5.468968295393636
FANG,2023-03-31,251378.0,5668.75382889513,2.580738700206604,3580.2655761442925,0.26301974598710304,6.23,-7.046954729087177
TPL,2023-03-31,2169.86,52895.11765736038,9.062330214781246,19084.180546210355,-0.8699984279101111,0.588,-22.00680127453016
DVN,2023-03-31,320000.0,5240.625,4.248505550811273,8843.75,0.9315554063922761,11.48,-8.85199707900743
EXE,2023-03-31,439000.0,2025.0569476082005,9.51956685628127,3530.751708428246,-0.33072913871090404,-4.15,5.18150520717457
RRC,2023-03-31,1428317.0,332.5284233121919,6.995471114387163,408.19649979661375,-0.4163501981768,3.47132,2.720056186811965
MTDR,2023-03-31,426616.0,795.7976259680837,2.8212908620649397,723.9367487389128,0.582397098664954,13.50364,-10.293134243167586
CNX,2023-03-31,61000.0,4077.6721311475408,8.517777568615413,5705.262295081967,-0.576235177988336,-9.95,-3.18352193700892
CRC,2023-03-31,103000.0,3009.7087378640776,7.525,6194.174757281553,-0.5730182752285621,-1.9047619047619042,0.38961863988455203
GPOR,2023-03-31,187032.0,1625.684374866333,20.69747647438467,1115.498952050986,-0.7798092507943941,4.89,20.0
TALO,2023-03-31,64500.0,974.5271317829457,1.8737404225194991,4879.53488372093,-0.35201819714214105,0.6333000000000001,-23.11320936595568
DMLP,2023-03-31,10265.0,3774.4763760350706,16.580525118875336,1178.4705309303458,1.462380409301872,32.41,-2.0290288756097
REPX,2023-03-31,39688.0,830.7296915944366,5.537927089436888,780.5381979439629,-0.008726490394353,34.5,-6.647527486053673
REI,2023-03-31,18042.0,2421.022946458264,2.553052065874179,2906.0756013745704,-0.8150295660144851,106.24,-10.526312157057614
GTE,2023-03-31,25526.0,1929.5228394578078,-0.73129395302831,4770.626028363237,0.6785496457440371,11.79,-37.50000135465099
MXC,2023-03-31,447.0,14576.946308724831,26.165131216446603,5992.230425055928,0.7772370056073281,28.04,-3.368740815038046
CKX,2023-03-31,100000.0,-0.9039100000000001,-1.328417281750754,5.08571,-0.8229016211914301,0.0,4.029693554011338
CVX,2022-09-30,3027000.0,12257.680872150644,4.32402256145687,17124.21539478031,-0.44518007075612004,-0.23,29.84616991517959
NFG,2022-09-30,160975.0,5047.498058704768,7.168214529862357,8599.260754775587,-0.5502267576052661,7.66,4.126717984033576
SLNG,2022-09-30,100000.0,115.38,-0.29479688813681904,247.97,-0.8225230527770511,0.0,-9.689922767163736
EOG,2022-09-30,1210533.33,6318.702517674586,7.049176278805542,3245.6768455933384,-0.265072167486532,11.09,31.60841605578514
FANG,2022-09-30,222758.0,21925.13849109796,4.96581805980791,3694.5923378733874,-0.48038709808296903,3.445,35.78779289126334
DVN,2022-09-30,602000.0,3495.0166112956813,8.035827991679756,4700.996677740864,1.083214614631093,7.89,18.909052922578635
EXE,2022-09-30,1456000.0,2111.9505494505493,6.26730073106679,1481.456043956044,-0.149510817016536,30.63,8.637561944557847
RRC,2022-09-30,348764.0,3590.0752371230974,5.391605161785584,1943.5348831874849,-0.6028677242363061,-6.51,12.826618963259984
MTDR,2022-09-30,137803.0,11118.887106957032,6.363100006597363,2595.400680681843,0.34634688868372204,20.46,41.835654968413365
CNX,2022-09-30,207653.0,3817.63807891049,-4.946898724749297,1848.1601517916909,-0.7991102297057641,1.7356,16.741786687062483
CRC,2022-09-30,101000.0,2326.732673267327,10.68740592072253,5306.930693069307,-0.9325473166652211,1.1,21.36353538697425
GPOR,2022-09-30,5637333.0,97.75580048224931,-0.739073341586158,34.58550346413809,-0.7786553798772821,-10.56,-3.431870821018416
TALO,2022-09-30,53000.0,10168.452830188678,8.902680987827393,4021.509433962264,-0.31893613719317404,-6.23,22.28228874967853
REPX,2022-09-30,10903.0,11955.608548106025,12.19383917268541,2655.4159405668165,-0.8591589177654021,32.65,72.06993052678105
CKX,2022-09-30,17.76,9915.315315315314,-0.30050590750453304,24076.18243243243,-0.699650234197527,-12.16,-3.20219919210787
CVX,2022-06-30,3051000.0,7157.32546705998,4.505768872898703,17292.363159619796,-1.354104389639508,-4.68,8.309149537095717
SLNG,2022-06-30,100000.0,45.87,-2.488892970714179,256.87,-1.087500930866615,0.0,1.732677532731212
FANG,2022-06-30,217735.0,13589.914345419891,6.038894575230297,3628.26371506648,-1.135555440583449,-0.24,8.072310619233377
DVN,2022-06-30,300000.0,8926.666666666666,8.32974045011641,9433.333333333334,-0.29314884902885,11.62,15.351110211929866
EXE,2022-06-30,938000.0,1878.4648187633263,8.899920857615657,2323.027718550107,-1.108218566263181,18.92,18.24909774594641
RRC,2022-06-30,345378.0,2116.8690536166173,6.8457739811458715,1936.883646323738,-0.891054033107427,-0.9829,32.44442199893737
MTDR,2022-06-30,102406.0,9523.426361736618,8.374866737202943,3407.427299181689,-0.47011468146272106,22.43,25.949794025424247
CNX,2022-06-30,64977.0,8131.523462148145,0.38359500867651203,5748.095479939056,-1.103902726191065,3.19,2.612395681002296
CRC,2022-06-30,92250.0,1962.059620596206,4.728720756595321,5127.371273712737,-1.6430483049581341,3.41,19.45452457147083
GPOR,2022-06-30,170428.0,2248.4568263430892,10.804910679882308,1116.2367686060975,-1.192180932019056,-1.01,11.394789731071286
TALO,2022-06-30,65400.0,5418.4250764526,6.8157242150117,3717.0948012232416,-0.8731910739010511,-1.29,20.55591012676964
DMLP,2022-06-30,3836.0,17581.856100104276,21.063799768616494,2642.075078206465,-0.03813738472255,24.97,22.91016447317957
REPX,2022-06-30,9969.0,7573.477781121476,8.27660675223418,2591.9349984953355,-0.882747435795428,11.84,15.825138244041343
REI,2022-06-30,7446.16,8751.143542443353,5.628315550585543,4137.559090860255,-0.824085720701301,9.26,7.142850100418138
GTE,2022-06-30,22847.0,10812.010329583753,4.217032442140391,4996.148290804044,0.292970232940702,23.8,6.086954863175102
CKX,2022-06-30,7.13,-19534.22159887798,-1.628864344389033,86331.41654978962,-1.2565350998547329,-17.01,0.6289280692225311
CVX,2021-12-31,3099000.0,9418.199419167473,6.5230550858955905,45442.40077444337,-0.837979531901456,0.518,15.61107939796997
NFG,2021-12-31,38851.6,4413.795056059467,1.744370277876266,8671.406068218555,-0.08530771430980101,7.05,-4.332187231260567
DVN,2021-12-31,290000.0,16893.103448275862,13.379310344827585,9758.620689655172,0.13291306655718402,71.31,16.73100870744087
EXE,2021-12-31,460274.0,3930.267623198356,8.583885911526933,10017.94583226513,-0.9026539450505091,733.33,5.81217345754553
CNX,2021-12-31,269500.0,3437.317254174397,-6.155515704655038,5169.962894248609,-0.7970610791233801,15.49,19.92727106267756
CRC,2021-12-31,100000.0,6600.0,15.912636505460219,17200.0,-0.19908908099383102,285.7142857142857,-3.886658620722801
GPOR,2021-12-31,169333.0,1730.2297839168975,-5.203732810880017,3494.24506741155,-0.8818695282896221,3.36,-10.287374924744066
TALO,2021-12-31,44300.0,9286.410835214447,-6.612368373020964,19637.110609480813,-0.962080837897587,17.5059,21.122445454452563
REPX,2021-12-31,7271.0,2988.1721908953377,5.401230283035775,3286.2054738000274,-0.785600837606068,31.09,44.6111692941126
REI,2021-12-31,8518.1,8538.431340322371,0.48569120860795406,11804.172057148895,-0.738442853499475,-3.37,28.07018039189113
CKX,2021-12-31,13.89,-18982.9373650108,4.804132632099736,-22949.24406047516,-0.29735362816578104,-4.21,1.071427567880963
CVX,2022-03-31,3060000.0,2632.3529411764707,2.5131701519385823,14810.130718954248,-0.801012222977117,-1.9500000000000002,6.2519162078222426
NFG,2022-03-31,153890.0,2765.735265449347,2.143850184682351,2958.957697056339,-0.8699859826829971,-4.8,-1.324604010607458
EOG,2022-03-31,883300.0,937.3938639193932,1.023702653752264,3891.090229819993,-0.827736006738903,13.4,6.621976167971228
FANG,2022-03-31,222833.0,5618.557394999843,3.338905319103339,3356.773906916839,-0.785143883349198,24.06,-1.912400803673176
DVN,2022-03-31,575000.0,3194.782608695652,4.541280191018459,4921.739130434783,0.07714470169612901,15.23,20.05751269219058
EXE,2022-03-31,620000.0,1375.8064516129032,-5.747385842172572,2788.7096774193546,-0.914645501866687,43.8,2.3333375593223202
RRC,2022-03-31,345100.0,1177.670240509997,-6.963234066812646,2183.787308026659,-0.6282740667240351,-0.5239,-9.11783690250626
CNX,2022-03-31,71244.0,4721.730952781989,-11.223181205526974,4707.8631182976815,-0.6571900821941811,7.33,-8.0115825406529
CRC,2022-03-31,105000.0,1523.8095238095239,-4.340277777777778,16380.952380952382,-1.108079307578314,-7.89,-8.070663195685247
GPOR,2022-03-31,173802.0,1459.6840082392607,-22.246011792794096,1064.3433332182599,-1.006390141182598,2.58,-1.057667503306538
TALO,2022-03-31,63200.0,1797.626582278481,-2.364032799927699,3101.993670886076,-0.755511484872854,-4.41,19.886006022220794
REI,2022-03-31,8742.0,2795.6720430107525,1.01015512522696,3431.221116449325,-0.653612734718051,11.43,11.780106166172384
MXC,2022-03-31,348.846575,10733.678551953679,21.491676025930932,7678.237918775611,0.9241169138060721,22.0082,0.0
CKX,2022-03-31,14.6,-3296.3698630136987,0.027781198329681,12599.657534246575,-1.171733403913925,-12.16,7.882682148300467
NFG,2020-12-31,36296.0,5640.924619792815,1.10487489430569,9606.678421864668,-0.317991219704162,36.16,13.396558879075238
SLNG,2020-12-31,100000.0,13.36,-8.412087706846961,495.33,-0.9976784093742771,0.0,12.727269259366123
FANG,2020-12-31,180825.0,11712.982165076732,-25.63709631647653,45839.90045624222,-1.448591051741829,6.42,42.23135941961543
DVN,2020-12-31,155000.0,3819.3548387096776,-27.037933817594833,18258.064516129034,-1.560587203586516,2.52,37.444650737939355
CNX,2020-12-31,241413.0,3293.4059060613968,2.434266909598441,7707.990041961286,-0.505829214940678,-5.22,29.907402640671155
CRC,2020-12-31,111000.0,-108.10810810810811,-4.001301236174366,15495.495495495496,-0.853152536959436,-13.28,12.802058732247241
GPOR,2020-12-31,173167.0,550.3589021002847,-6.518598779229339,12872.81641421287,-0.70164573713111,-24.55,-9.773814327198233
NOG,2020-12-31,25577.0,12968.096336552371,-103.89318062720663,54480.705321187,-1.5222128792032898,-14.09,36.073094477855385
TALO,2020-12-31,54700.0,5519.616087751371,-15.196190148263602,18231.188299817186,-0.6259793703723271,5.48,20.752428223853293
DMLP,2020-12-31,493.0,79931.03448275862,24.75686936044471,50833.67139959432,-0.22286179751954502,-40.12,32.32667096251511
CKX,2020-12-31,13.82,10142.18523878437,2.079973661335992,21193.27062228654,0.5097907524947201,-19.61,15.56256053224452
SLNG,2020-09-30,100000.0,24.67,-2.697132163269435,114.52,-0.9503768939573131,0.0,-10.156249854480844
EOG,2020-09-30,954667.0,4071.576790650562,-0.11974675955289701,2355.7952668312614,-1.600190390320872,-14.17,13.794330664471019
FANG,2020-09-30,300785.0,5701.747095101152,-5.932835820895522,6569.47653639643,-1.822048139090082,0.0606,6.343719268357516
DVN,2020-09-30,326000.0,1815.9509202453987,-0.890954871198915,8680.981595092024,-1.994013009941976,0.31,18.60467670861662
MTDR,2020-09-30,96648.0,3310.5599702011423,-7.291263341107117,4392.506828904892,-1.577769252195522,14.29,-8.111392960193678
CNX,2020-09-30,166484.0,3810.2580428149254,-2.518066411175354,1898.9632637370557,-0.303515965326527,-7.89,-0.635587591201424
CRC,2020-09-30,106000.0,452.8301886792453,-0.597199341021416,16226.415094339623,-1.343247485505438,-17.1875,33.333342778746605
GPOR,2020-09-30,171032.0,1169.3776603208755,-16.03677281852398,2821.553861265728,-0.70164573713111,-35.04,-9.773814327198233
TALO,2020-09-30,36500.0,7179.917808219178,-1.639199049516735,4717.698630136986,-0.6418735884367911,-7.7,9.612409003572951
DMLP,2020-09-30,1772.0,18085.778781038374,5.937926005769901,3908.5778781038375,-0.016867417511582,-3.03,4.551611295366645
REPX,2020-09-30,100000.0,-5.65,-0.23162921092218602,696.48,-0.835141167650692,0.0,9.756061849151244
GTE,2020-09-30,18408.0,3223.9243807040416,-8.900329941465726,9861.364624076488,-1.378209773192019,-39.0,-8.695654427396825
CKX,2020-09-30,15.45,11426.472491909386,0.306668235931011,5664.142394822006,1.745320378518721,-29.1,-5.100002288818359
CVX,2020-06-30,3086000.0,1556.0596241088788,-3.701830324570395,7806.545690213869,0.297912596385473,1.63,0.661194650297221
NFG,2020-06-30,6492.0,96098.27479975355,0.5794365348430991,37372.4584103512,0.534019299352519,2.38,6.105416701669556
SLNG,2020-06-30,100000.0,43.23,-4.243352530327166,89.75,-1.005556470573679,0.0,8.962267333818868
FANG,2020-06-30,185992.0,6306.722869800852,-11.766730589565816,16651.253817368488,-1.337494142051076,13.9,7.506687557343886
DVN,2020-06-30,148500.0,3986.5319865319866,-6.469054745582698,19057.239057239058,-1.792546735981468,0.31,6.625234975337873
EXE,2020-06-30,1852000.0,417.3866090712743,-4.211811384098886,565.8747300215982,-1.165337947350241,-8.95,-3.689701494080942
RRC,2020-06-30,391476.0,519.2348956257855,-2.59729571770049,1446.8192175254678,-1.204829282456098,2.693,43.33922353184804
MTDR,2020-06-30,66077.0,3183.9369220757603,-8.832898081618382,7540.142560951617,-1.551742232449021,19.82,12.941184987750015
CNX,2020-06-30,291897.0,1408.664700219598,-1.751857402276336,1055.074221386311,-0.49010455479639203,-14.9,28.092490316070837
GPOR,2020-06-30,177080.0,1396.1034560650553,-21.744655668020666,4190.484526767563,-0.70164573713111,-24.42,-9.773814327198233
TALO,2020-06-30,52400.0,3656.7175572519086,-4.4291839599224865,3501.469465648855,0.029407001487385002,-11.06,-8.152174082054762
REPX,2020-06-30,100000.0,-4.14,-356.34789252514963,181.77,-1.067269820295834,0.0,50.909094609034376
CKX,2020-06-30,28.15,3269.6980461811722,1.3037978197969071,-546.891651865009,0.799710247417256,-7.86,16.707611785211466
CVX,2019-12-31,3058000.0,8931.98168737737,1.231531243155819,46102.02746893394,-0.5310551911612831,4.36,-7.587248964436397
NFG,2019-12-31,1646.575,101877.53366837223,1.291890470914673,179869.12226895223,-0.8197426167285621,5.07,-7.04770128294146
SLNG,2019-12-31,2774.0,1481.97548666186,-6.327081903327945,18926.099495313625,-0.9067364657179331,17.11,-21.91488882490478
DVN,2019-12-31,150000.0,3946.6666666666665,-4.680323685937158,18866.666666666668,-1.1876388598740961,13.85,-12.129383677804602
RRC,2019-12-31,380527.0,1791.8386868737305,-27.302026207416578,7646.718892483319,-1.4571486142655,3.73,-36.288655852619314
MTDR,2019-12-31,66203.0,8338.625137833633,2.156854747159233,11301.45159584913,-1.199249160898039,27.0,-27.99108879517698
CNX,2019-12-31,254065.0,3859.4847775175645,-2.9954068103875082,716.4898746383799,-1.189089603957813,6.32,-31.299438851590825
CRC,2019-12-31,128000.0,5281.25,-0.40241448692152904,13437.5,-1.343247485505438,-2.083333333333333,33.333342778746605
GPOR,2019-12-31,237069.0,3053.933664882376,-46.73805294555322,13780.034504722254,-0.70164573713111,1.054,-9.773814327198233
TALO,2019-12-31,37900.0,10388.73350923483,0.011739799697391001,18336.93931398417,2.3994647279886783,13.25,-38.97180812161078
REPX,2019-12-31,1094000.0,20.42961608775137,-1.871777628334454,15.52925045703839,-1.2743963748462082,36.28,24.48982748963178
REI,2019-12-31,10819.0,9854.535631758943,0.516614618554291,12530.409742120344,-0.5894978969569751,76.87,-25.37878976024755
CKX,2019-12-31,31.855,6112.415633338565,1.5756187695153292,19452.67618898132,-0.35410098947316804,3.3,-0.214586960774923
CVX,2020-03-31,3235000.0,1459.659969088099,1.5206378313059572,8456.259659969088,2.365390162748276,6.48,24.275456591396324
NFG,2020-03-31,6422.0,60883.21395203986,-1.581061133081887,80298.19370912488,3.005456494599079,6.34,7.347807728740839
SLNG,2020-03-31,100000.0,3.49,-1.224561198903726,144.71,-0.93307598792276,0.0,33.333333333333336
EOG,2020-03-31,874100.0,2957.327536895092,0.026571657755772003,5331.197803454982,0.014741062879492001,12.99,33.59166691956613
FANG,2020-03-31,201369.0,4216.140518153241,-1.163089027623364,8447.179059338825,-1.116302993144116,23.6,47.0746486775445
DVN,2020-03-31,163000.0,3631.9018404907974,-16.295764536970566,17361.963190184048,-1.652265961326954,15.6,68.7410153231054
EXE,2020-03-31,1898000.0,209.16754478398315,-106.26280737704919,5664.91043203372,-1.165337947350241,-6.18,-3.689701494080942
RRC,2020-03-31,2294160.0,54.27084423056805,2.522065703760965,217.38980716253442,-1.350458571948837,2.83,122.36839408806317
MTDR,2020-03-31,71161.0,1536.9654726605866,2.901212390142214,2502.114922499684,-2.07477059111667,20.04,176.20963347948938
CNX,2020-03-31,345172.0,774.6485809972999,-3.858458544134975,2532.543195855979,-0.272072849306399,1.052631578947368,79.32330176737177
CRC,2020-03-31,121000.0,1884.297520661157,-36.107760353839964,14214.876033057852,-1.343247485505438,-9.02,33.333342778746605
GPOR,2020-03-31,701866.0,186.41450077365195,-15.85454955400674,1110.5039993389053,-0.70164573713111,-15.67,-9.773814327198233
NOG,2020-03-31,10874.0,9256.391392311936,16.460548157537414,10659.462939120838,-0.533456782801048,27.812,28.78784371025815
TALO,2020-03-31,58100.0,1897.2805507745268,4.871522243774063,3304.2340791738384,0.32698905188696903,39.79,76.1739150337551
DMLP,2020-03-31,2952362.0,6.042619434879598,7.728202956846971,2.274450084373122,0.773629738463514,3.85,14.734337633869838
REPX,2020-03-31,100000.0,1.74,901.104574378677,181.74,-0.8433512076952611,0.0,13.333390613952519
CKX,2020-03-31,17.41,1248.879954049397,0.36493640147779804,7147.386559448592,4.387032194708452,19.31,-5.294115403119256
CVX,2019-09-30,4069333.33,5322.001970283422,1.005702881065889,7880.160556913631,-0.31067771975135905,6.04,1.9898720274230741
SLNG,2019-09-30,100000.0,37.21,-3.668751640276441,137.68,-0.7274401948493401,0.0,-26.61538490882287
EOG,2019-09-30,807100.0,7875.078676743898,1.683316380819155,4306.152893073969,-0.849313075598167,11.4,-0.840654739027733
DVN,2019-09-30,428000.0,1878.5046728971963,0.757259969431707,6612.14953271028,-1.183075841663012,2.39231,-7.024113557210824
RRC,2019-09-30,373960.0,1469.223981174457,-0.31150192129180704,1864.4908546368595,-1.5007477785441359,-1.01,13.089058013155654
MTDR,2019-09-30,63661.0,5546.991093448108,1.1165108103638661,3036.3959095835753,-1.200902924866824,24.88,-9.921342113565794
CNX,2019-09-30,186005.0,4656.283433241042,1.244182532942763,1812.5050401870917,-1.32356583323277,6.68,16.804397725788956
CRC,2019-09-30,173333.0,3115.3906065203973,1.336176261549396,9923.096005953857,-1.343247485505438,-0.76,33.333342778746605
GPOR,2019-09-30,215625.0,2863.095652173913,-8.3055312759868,4232.816231884058,-0.70164573713111,3.68,-9.773814327198233
NOG,2019-09-30,10280.18,26198.276683871292,4.962174206326048,10971.014126211798,-0.270304289059,52.73,7.6530659853903895
TALO,2019-09-30,51600.0,6442.112403100775,2.806287413113518,3410.3488372093025,1.156413428140527,-4.14,16.969998897621913
DMLP,2019-09-30,1399.09,39136.867535326535,10.37878910094052,4790.256523883381,0.12004053684427701,8.19,2.201268212763266
REPX,2019-09-30,100000.0,3.71,-1.982138967545197,169.89,-1.183340913904882,0.0,-3.278693309856688
EP,2019-09-30,125.21,-7992.237041769827,-8.028183629526124,617.1072598035302,-0.666046642601136,-56.22,-5.00000260770317
CKX,2019-09-30,17.96,4193.429844097996,0.36692360602418,9675.612472160356,0.211747112316463,4.83,-8.568647275723112
CVX,2019-06-30,2950000.0,4691.525423728814,1.682442413962904,11157.627118644068,-0.41733830214335904,7.82,-5.687287981563503
NFG,2019-06-30,92973.0,6136.781646284405,1.006163427656781,2628.4297591773957,-0.43382587250709703,24.39,-12.499998877474955
SLNG,2019-06-30,100000.0,48.79,-1.446639887091521,118.18,-0.832158258822392,0.0,-22.499995955399037
EOG,2019-06-30,812800.0,5283.356299212598,2.371483647637619,4388.359990157481,-0.370882764672874,15.75,-19.14897932673004
FANG,2019-06-30,191229.0,5454.193663095032,1.483149887382601,3189.892746393068,-0.222343781697764,152.37,-11.92502903821278
DVN,2019-06-30,145000.0,5544.827586206897,2.9731515406330713,19517.241379310344,-0.9324268199591921,-1.4,-23.771621765949952
EXE,2019-06-30,496000.0,1719.758064516129,0.592503022974607,4250.0,-1.165337947350241,-6.42,-3.689701494080942
RRC,2019-06-30,381210.0,1168.689173946119,1.184018844798088,1826.1456939744498,-1.340337005330064,3.95,-38.51852095526765
MTDR,2019-06-30,121238.0,1604.2577409723024,0.97967426470451,1360.2583348455105,-1.047874461069393,23.39,-28.235298129353588
CNX,2019-06-30,127067.0,4412.420219254409,1.7763461498724622,2924.0243336192716,-1.399960864155862,9.71,-4.840939193765318
CRC,2019-06-30,131000.0,2076.335877862595,0.170648464163822,13129.770992366412,-1.343247485505438,1.55,33.333342778746605
MUR,2019-06-30,181639.0,4125.738415208188,0.6818841337751761,3154.3170794818293,-0.622422192677327,14.63,-26.42340082043036
GPOR,2019-06-30,216635.0,1845.3573983889953,3.6340126858526913,1110.3376647356151,-0.70164573713111,0.151,-9.773814327198233
NOG,2019-06-30,17248.0,11496.985157699444,2.971043053658647,5461.502782931354,-0.28036609971658705,78.11,-22.966498829422456
TALO,2019-06-30,44000.0,4150.477272727273,3.655969151651116,4362.227272727273,1.7277902426971812,37.14,-23.60346177022812
DMLP,2019-06-30,5459.0,6466.3857849422975,10.5898572285356,1283.0188679245282,-0.068900167538658,32.73,2.096597719290006
REPX,2019-06-30,100000.0,2.3,0.096380381237952,169.89,-1.067041977198985,0.0,-19.540218593115863
EP,2019-06-30,217.0,251.6635944700461,-17.05003593914288,356.073732718894,-0.594437422917472,-14.73,11.11111111111111
CVX,2021-09-30,3028000.0,6515.52179656539,2.546801807058196,12105.350066050198,-1.3713818172810122,2.48,12.597355491032047
NFG,2021-09-30,149511.0,5294.279350683228,4.871473879159927,7717.164623338751,-0.769106002257938,35.6,14.62301291073698
EOG,2021-09-30,844400.0,6661.53481762198,2.945765630044119,3900.9947891994316,-1.155405173496796,17.93,18.693396002170473
FANG,2021-09-30,239761.0,11582.367440909906,2.8667343963956,3111.4318008349983,-0.9238920743626601,21.39,16.64435068926896
DVN,2021-09-30,287000.0,5567.94425087108,3.979674217599848,9860.627177700348,-0.6111536892308931,67.57,19.909886190942373
EXE,2021-09-30,436750.0,2852.8906697195193,-4.70925470925471,2811.6771608471668,-1.021122088096902,-2.02,2.159427882292556
RRC,2021-09-30,106432.0,4465.65882441371,-5.556099285728901,6413.381313890559,-0.601676611944546,-2.68,1.679221221415781
CNX,2021-09-30,204100.0,3298.799608035277,-10.608954403254291,1725.5560999510044,-0.9445182764367721,18.48,16.24405871097237
CRC,2021-09-30,134667.0,1351.4818032628632,3.081986834230999,12772.245613253432,-0.39857062375262003,-10.62,5.975605192125414
GPOR,2021-09-30,979828.0,168.02642912837763,-22.091333813489843,196.72126128259245,-0.72119705099199,50.0,-3.296434879762095
NOG,2021-09-30,37621.0,7000.478456181388,1.009113693690507,2778.846920602855,-0.669585466973954,55.71,11.495333277503171
TALO,2021-09-30,165000.0,1743.321212121212,-0.5990673915821181,1203.4545454545455,-0.46039259758884704,16.33,-23.74727922336423
DMLP,2021-09-30,2060.0,23039.320388349515,16.346345620365167,2882.5242718446602,0.085540133834288,-11.28,0.7387091476432911
REPX,2021-09-30,8640.0,2514.699074074074,4.032135506953335,2514.2361111111113,-0.643543635320942,21.68,7.583810966816828
MXC,2021-09-30,341.0,4647.554252199414,6.3472374847593525,7854.91788856305,0.574587963578707,17.87,13.942324160375646
CKX,2021-09-30,7.25,-8812.827586206897,1.103157507395045,-14366.068965517241,-0.30424819043768003,21.68,7.180854953826691
CVX,2021-06-30,3124000.0,3569.1421254801535,1.269326128678862,10619.398207426377,-1.18106838415936,4.62,-2.654196984317397
NFG,2021-06-30,151299.0,4440.2805041672445,1.199596319712013,1614.8619620750962,-0.6798522037207001,42.31,0.9569217211503571
SLNG,2021-06-30,100000.0,26.11,-1.13943300724062,181.46,-0.599512316519337,0.0,-31.457283393002676
FANG,2021-06-30,354696.0,4448.88016780567,1.358197222464844,2046.8231950740917,-0.8564703978270171,14.68,-18.970905764715614
DVN,2021-06-30,533000.0,2050.656660412758,1.2758534762023421,5309.568480300188,-1.030606072920688,58.16,-4.04250351732322
EXE,2021-06-30,296000.0,2712.837837837838,-6.2723246178025445,3793.9189189189187,-1.247883084928855,-14.64,9.379842976640662
RRC,2021-06-30,2104064.0,134.70835487893905,-2.511817688704574,281.5769862513688,-0.861147702987552,-10.42,-17.84009467682412
MTDR,2021-06-30,41477.0,10309.207512597342,2.761863259538475,5119.005714010174,-0.08369794149871401,27.17,-23.289309351758867
CNX,2021-06-30,127169.0,3608.3872641917446,-4.386201377335047,2508.20561614859,-0.750800523095937,11.89,-15.959006804738603
CRC,2021-06-30,66500.0,1909.7744360902257,-3.425925925925926,25864.66165413534,-1.222471547490293,-9.82,-1.227634092498164
GPOR,2021-06-30,5210000.0,7.363723608445298,-10.143607454887938,39.82092130518234,-0.9681042300642061,1.023,2.81298265945848
NOG,2021-06-30,23087.0,7318.05778143544,-8.294758245482273,4319.530471694027,-0.6424814247478821,37.1,-20.847375685535003
TALO,2021-06-30,45800.0,4347.03056768559,-4.410053415563265,4594.410480349345,-0.12707311642070301,26.31,-34.27110289444417
REI,2021-06-30,7116.0,4498.40921866217,-2.351225946716085,3446.437464867903,-0.594172827353732,1.76,-20.80537315467621
CKX,2021-06-30,23.17,-2762.9693569270607,1.033163843532103,-929.046180405697,0.14263343790548202,-25.58,-7.315111560349992
CVX,2021-03-31,3121000.0,1344.440884331945,0.569844192927641,9564.88305030439,-0.652549320005647,-3.52,4.466080890289717
NFG,2021-03-31,100000.0,4171.33,1.580122243190083,3370.76,-0.31930803733317803,39.9,4.660936479121122
SLNG,2021-03-31,100000.0,25.63,0.216597561730305,176.63,-0.7310068678668401,0.0,15.999998869719331
EOG,2021-03-31,778900.0,2400.821671588137,1.8716651461115261,3546.026447554243,-0.92481213316301,-10.89,14.522033477579942
FANG,2021-03-31,184200.0,3387.6221498371337,1.000181851245681,3327.904451682953,-1.036521336865956,-5.3,7.628855384155561
DVN,2021-03-31,268000.0,2208.955223880597,1.041208388326734,10559.701492537313,-1.315315044251842,49.85,20.732244203269715
EXE,2021-03-31,431000.0,948.9559164733179,4.272885283893395,1380.5104408352668,-1.277460519687578,-2.05,12.629630878474627
RRC,2021-03-31,346916.0,314.92349733076594,-11.59824707313226,1718.54858236576,-1.102206299041562,-9.27,26.234271380220488
MTDR,2021-03-31,73983.0,2289.6476217509426,1.6220093659038621,2354.3516753848858,-0.677954878321755,2.81,27.702199920030868
CNX,2021-03-31,64201.0,3421.2551206367502,1.214798871318316,5259.559819940499,-0.29593699521717004,4.61,-6.12244646399941
CRC,2021-03-31,99000.0,1484.8484848484848,-2.955974842767295,17373.737373737375,-1.375774022999182,-18.18,0.290932262256483
GPOR,2021-03-31,982729.0,125.33974269610442,0.33413912365735404,199.95441266106934,-0.70164573713111,-6.74,-9.773814327198233
NOG,2021-03-31,9472.75,6625.9533926262175,-10.347291647342148,9054.181731809664,-1.350751845012968,-13.12,31.788093748706366
TALO,2021-03-31,66100.0,1012.9500756429652,-4.278313085846573,3060.2269288956127,-0.31694098829760203,13.75,5.730893542935741
DMLP,2021-03-31,3677.0,2858.0364427522436,12.928635596748395,1628.501495784607,-0.17048191513392202,-16.63,12.082410570712527
REPX,2021-03-31,7590.0,2265.217391304348,-9.171972025779286,3983.1357048748355,-0.344477883088029,9.71,23.40466837447492
REI,2021-03-31,7851.0,1998.1765380206343,-2.8442188945474323,2959.879887912368,-0.6402997845410531,-27.13,-5.194800369332063
EP,2021-03-31,128.11,-4887.253141831238,-5.834034763517643,603.1379283428303,1.184065760866513,23.2,14.197531999783656
CKX,2021-03-31,16.62,-9083.93501805054,2.556266436454732,-17656.49819494585,0.921933856804611,-52.52,2.6254838424370943
CVX,2018-12-31,2930000.0,10449.829351535836,5.839370053926724,49748.80546075085,-0.288071964958223,7.4,9.704705838392266
NFG,2018-12-31,22484.0,4642.056573563423,1.659304908671961,17754.18075075609,0.039988588644867006,22.64,14.009372949986581
FANG,2018-12-31,104831.5,14928.718944210472,1.421559548064456,11113.071929715781,-0.158083018502013,64.63,12.006465617400888
DVN,2018-12-31,149000.0,5395.973154362416,5.872431769395891,18993.28859060403,-1.081283746704347,-1.47,21.251111140500115
MTDR,2018-12-31,52128.0,11673.6302946593,7.9353370464283515,10288.674033149171,-1.1113343264232731,33.87,17.32128597123965
CNX,2018-12-31,239000.0,3706.3723849372386,1.186277738918108,621.255230125523,-0.471176894804657,24.54,-13.047283372713457
CRC,2018-12-31,132000.0,3492.4242424242425,4.582285554624197,13030.30303030303,-1.343247485505438,2.33,33.333342778746605
GPOR,2018-12-31,7672.0,102485.79249217936,2.214513349449582,150253.12825860272,-0.70164573713111,8.61,-9.773814327198233
TALO,2018-12-31,32200.0,8181.521739130435,12.350311654985148,19818.60248447205,0.8400007306668461,59.88,28.86030073465648
REPX,2018-12-31,373.515,3579.508185748899,16.543652467313372,45484.11710373077,-0.917637301321066,-1.57,-1.052635863092433
CVX,2019-03-31,3038000.0,1664.5819618169849,1.031505905166875,10284.068466096116,-0.6732957716167141,6.52,-2.241097635473002
NFG,2019-03-31,84108.0,4052.3493603462216,1.4428310353202551,4746.100252056879,-0.21559578314457,15.09,-6.164510183942628
FANG,2019-03-31,262633.0,1435.4631748485529,0.042497131443627004,2075.1390723937966,-0.535520171814983,155.96,5.178917775770637
DVN,2019-03-31,529000.0,1519.8487712665406,-1.7536095591082592,5349.716446124764,-0.8725119258168661,-0.5640000000000001,-1.934073850281375
EXE,2019-03-31,109000.0,4183.48623853211,-0.126224679930275,21816.51376146789,-1.165337947350241,-12.63,-3.689701494080942
RRC,2019-03-31,385250.0,676.6878650227126,0.014727457959801002,1923.5042180402336,-1.114584949342726,3.0846,-14.72171025798415
MTDR,2019-03-31,239764.0,247.07629168682539,-0.47294419833349005,693.7989022538829,-1.136250806221285,32.31,5.20406094749232
CNX,2019-03-31,62750.0,4918.756972111554,-0.9950257258417421,5651.649402390438,-0.988633979337417,2.7,-14.776952776636895
CRC,2019-03-31,133000.0,1187.96992481203,-0.9266943291839551,12932.33082706767,-1.343247485505438,8.13,33.333342778746605
MUR,2019-03-31,163805.0,4574.921400445652,0.335471981121439,3333.13390922133,-0.220975087602743,39.98,-5.197425174231444
GPOR,2019-03-31,210626.0,1138.3447437638279,0.9997897360681671,1080.4316656063354,-0.70164573713111,-1.9300000000000002,-9.773814327198233
NOG,2019-03-31,8531.13,11593.77479888362,-7.677576464468945,10358.651198610267,0.385725944255063,92.27,-18.345321314567066
TALO,2019-03-31,42000.0,979.0952380952381,-4.493391023300172,3817.714285714286,1.7405514578175412,29.7,4.436232150777148
DMLP,2019-03-31,7411.0,2386.857374173526,10.57517002428378,681.6893806503846,-0.138809349305644,45.2,4.054370056745004
REPX,2019-03-31,100000.0,-0.18,-1.007874015748031,169.89,-0.9017642563412831,0.0,-22.3999934880995
EP,2019-03-31,75.94,-1495.3910982354491,-5.506944631914262,1017.487490123782,-0.6625227488077331,0.0,26.086950606344434
CKX,2019-03-31,25.89,-1545.384318269602,0.6740194789276861,2476.4387794515255,-0.275836052439831,-6.57,0.79920001874956
CVX,2018-09-30,2956000.0,7262.178619756428,1.577126021994809,12952.638700947226,-1.4281273860001131,8.78,-7.26747128214052
NFG,2018-09-30,83895.0,7334.203468621491,0.629422481887641,12789.14118839025,-1.109245740138549,-7.48,-3.405259139241035
SLNG,2018-09-30,100000.0,-14.7,-17.01388888888889,100.16,-0.91923150534501,0.0,-19.178087896109595
COP,2018-09-30,1252250.0,7307.646236773807,2.6376211803390213,5224.196446396486,-0.7610158761418031,-11.07,-19.90470874192886
FANG,2018-09-30,122975.0,9375.889408416344,1.600897318242072,2187.436470827404,-0.356622786272906,44.64,-21.16226853929616
DVN,2018-09-30,235000.0,3421.276595744681,12.576839183025976,12042.553191489362,-0.8014819708329091,-3.51,-23.13433648504861
RRC,2018-09-30,2266674.0,341.88727624704745,0.40905480941732003,325.8293870225714,-0.96339587298226,14.13,4.5774548263291095
MTDR,2018-09-30,50979.0,8225.308460346418,0.564136348908535,2732.9880931363896,-0.5767055059868971,36.58,-27.78788709634009
CNX,2018-09-30,212000.0,3255.75,1.5230655584894501,583.8632075471698,-0.906509666018903,38.8,9.136329136757984
CRC,2018-09-30,136000.0,2889.705882352941,0.945017182130584,12647.058823529413,-1.343247485505438,6.25,33.333342778746605
MUR,2018-09-30,168776.0,5906.912120206664,0.936507018317239,2178.929468644831,-0.5701276010261941,-0.89,-11.220094357096045
GPOR,2018-09-30,224296.0,2812.3417270036025,1.5508791031469071,5139.378321503727,-0.70164573713111,30.94,-9.773814327198233
NOG,2018-09-30,16416.0,7700.779727095516,1.7754816050685251,15003.411306042884,1.218232253809239,74.35,-38.69463738638222
TALO,2018-09-30,38100.0,3771.3123359580054,0.5561384164839951,5026.430446194226,1.778839018391778,91.58,-35.41481229999922
DMLP,2018-09-30,1296.7,36002.930515925036,10.8561868214152,3592.9667617799028,-0.39280406643603005,12.28,-11.433540801748446
REPX,2018-09-30,100000.0,10.63,2.9510794216676572,169.89,-1.028634778405611,0.0,-18.699196609179346
CKX,2018-09-30,29.54,3320.5484089370348,0.5501746740166731,6153.689911983751,-0.8099241165947241,-22.53,8.910886975623141
CVX,2018-06-30,2826000.0,4210.1910828025475,1.3216815480229052,13209.837225760793,-1.205990772632916,1.65,-3.04518675665337
NFG,2018-06-30,79622.0,7727.80136143277,1.054970093418208,13475.484162668608,-1.103634939321245,-1.78,4.966016252018074
SLNG,2018-06-30,100000.0,-1.67,-10.270912101990438,107.91,-0.632409751741266,16.45,-21.599998474121094
COP,2018-06-30,1258000.0,4563.593004769476,2.379018219798073,5200.317965023847,-0.941668748635697,-16.91,4.059583565527439
FANG,2018-06-30,112592.0,10240.514423760125,2.445834264016082,2184.879920420634,-0.27955489203358,46.27,1.6568926951887422
DVN,2018-06-30,541000.0,1486.1367837338262,-1.457525978257142,5231.053604436229,-0.381916844274766,-0.55,-3.525938589393377
RRC,2018-06-30,379355.0,1438.0066164937855,-0.6750843918909031,2015.362918638215,-0.9249217100690261,13.12,-8.009573320222007
MTDR,2018-06-30,105874.0,2401.042748927971,2.339967924527563,1297.523471296069,-0.630636700588135,43.36,5.324452601679581
CNX,2018-06-30,90.0,5010333.333333333,0.5118815637595551,1556000.0,-0.365119600253251,32.83,-13.27334375259136
CRC,2018-06-30,130000.0,1800.0,-1.181556195965418,13230.76923076923,-1.343247485505438,-1.53,33.333342778746605
MUR,2018-06-30,170993.0,3652.4653055973054,0.457495684709659,2146.8773575526484,-0.35985912789099705,4.996,-8.928249224916643
GPOR,2018-06-30,108237.0,3797.6292764950986,1.838636252147806,7063.4071528220475,-0.70164573713111,38.7,-9.773814327198233
NOG,2018-06-30,9681.0,6571.32527631443,-10.932953565721368,15372.895362049376,0.33418037756984703,44.15,-13.333325003788717
TALO,2018-06-30,29100.0,3680.7903780068727,-3.279760812830085,5659.621993127148,1.8674042577832521,51.82,0.9959529542057061
DMLP,2018-06-30,5332.0,6139.722430607652,17.50403799458748,892.5356339084772,-0.301508195217772,31.62,-6.895504246224215
REPX,2018-06-30,100000.0,5.46,1.121629965013377,87.7,-1.204087046641783,0.0,30.6666422470398
PED,2018-06-30,174.0,-1586.2068965517242,189.01656639388668,5942.528735632184,-0.43710594171020406,-10.45,-16.740088036323648
CKX,2018-06-30,20.69,248.04253262445624,0.983765572446004,8034.412759787337,-0.47929868480887905,-29.95,-5.405404924977025
NFG,2017-12-31,1843.84,371240.4547032281,3.429839991215366,581907.8661922944,-0.5525279632304061,-10.61,-9.761465803971072
SLNG,2017-12-31,100000.0,-36.82,2.928254062550279,294.26,-0.359939810846499,0.0,-9.999998410542807
COP,2017-12-31,1377000.0,5139.433551198257,-1.165453504539134,4750.907770515613,-1.102037829023063,-12.24,1.6737638659983172
FANG,2017-12-31,79224.0,11221.347066545492,1.4741860764380381,7573.462587094819,0.12973518573155401,84.1,-2.7088989946415483
DVN,2017-12-31,134000.0,21708.955223880595,0.6051387189577061,21119.402985074626,-0.033524695884169,-11.0,-14.106293869348246
EXE,2017-12-31,548000.0,866.7883211678832,-3.38358458961474,18571.167883211678,-1.165337947350241,-14.16,-3.689701494080942
RRC,2017-12-31,2008852.0,406.3285896621553,1.885821454992867,401.6856393601918,-0.748998100559457,16.01,-22.9777232629333
MTDR,2017-12-31,38936.0,7682.478939798644,5.866038430528175,9847.82720361619,-0.15244268046416,39.6,-5.011215470800043
CNX,2017-12-31,192332.0,3372.7460848948695,3.990875246126141,1112.9193269970676,-0.403202719740033,3.24,-0.47846680981993805
CRC,2017-12-31,129000.0,1922.4806201550387,-4.285484130820042,13333.333333333334,-1.343247485505438,-7.86,33.333342778746605
GPOR,2017-12-31,181525.31,3745.4226080098692,2.695121968017918,4211.6551129977415,-0.70164573713111,50.91,-9.773814327198233
DMLP,2017-12-31,128767.0,341.9199018382039,41.743891707497255,146.52045943448243,-0.49562245384239206,-26.56,5.801445755763546
REPX,2017-12-31,271.0,568.2656826568266,1.62862430598396,32361.623616236164,-1.114461861450518,-7.48,-16.250023847285796
EP,2017-12-31,100000.0,-2.35963,-219.72232516279317,0.77268,-0.7425486990964161,0.0,58.22784081901305
PED,2017-12-31,222.41,-1061.103367654332,-99.91483750446416,4649.071534553303,-0.44708676579932105,-38.54,-6.249994179233779
MXC,2017-12-31,94360.0,1.622891055532005,-0.989720702202282,7.745156846121238,-0.8777563960031801,-1.58,-9.160307493912097
CKX,2017-12-31,41.98,9629.656979514055,3.5511568836091,14374.845164363984,-0.153105371810515,-7.35,0.7858473171116861
NFG,2018-03-31,80684.0,8483.813395468742,1.5528931674357551,13298.113628476525,-0.8761349937362851,-4.23,-0.233242060787958
SLNG,2018-03-31,100000.0,-15.14,-9.068934920294955,294.26,-0.635670943218957,0.0,-33.63636334080342
FANG,2018-03-31,102607.0,8664.126229204636,1.981789904008419,2066.13583868547,-0.033978345296107,66.54,-1.802122086739422
DVN,2018-03-31,140000.0,5742.857142857143,-0.6719879929048981,20214.285714285714,-0.9198654698518061,-0.73,29.977939405811174
EXE,2018-03-31,554000.0,1061.3718411552347,0.14065861327155302,4480.14440433213,-1.165337947350241,4.92,-3.689701494080942
RRC,2018-03-31,364731.0,1016.0145422242693,0.41975528398229206,1784.0134235916332,-0.940324808024758,13.28,1.5130517114170599
MTDR,2018-03-31,181092.0,751.8222781790471,2.631887700734498,650.5974863605239,-0.376525923882679,37.2,13.039118088066104
CNX,2018-03-31,223653.0,1159.5641462444055,6.495298273417309,750.2023223475652,-0.40401128041476403,36.2,4.666230065549501
CRC,2018-03-31,123000.0,1626.0162601626016,-0.029855202268995,13983.739837398374,-1.343247485505438,-6.82,33.333342778746605
MUR,2018-03-31,167506.0,1662.752379019259,1.69346391352165,2124.664191133452,-0.915664751571401,-1.02,19.323962120674942
GPOR,2018-03-31,211831.44,1068.5335472392578,1.494428364976929,3609.105428353789,-0.70164573713111,51.67,-9.773814327198233
NOG,2018-03-31,3711.24,12265.71172977226,0.44621999636685106,40101.15217555319,-0.6025753132524411,35.31,11.616167934859437
DMLP,2018-03-31,1477.0,9807.041299932294,12.069933611511741,3331.0765064319567,-0.466897147348079,12.472,16.97974254525778
REPX,2018-03-31,100000.0,1.38,13.212159863945578,87.7,-1.180981228158193,0.0,12.67608661429679
EP,2018-03-31,100000.0,-1.4354200000000001,-68.56318095524415,0.77268,-0.77421463753901,0.0,42.857144377669506
MXC,2018-03-31,95.0,4642.357894736842,-3.090956848765988,30920.76842105263,-1.183540002597102,-6.59,83.98693230843148
CKX,2018-03-31,38.56,-1133.5840248962654,5.365831683693648,-18186.877593360994,-0.265202983653622,-43.89,-0.28758226724873603
NFG,2017-06-30,81103.0,8439.983724399837,1.017706497836304,13229.41198229412,0.6614653254124041,-6.09,5.426182231361718
SLNG,2017-06-30,100000.0,4.28,-2.8457032299672163,294.26,0.21869196995528803,0.0,1.694913656104499
FANG,2017-06-30,56910.0,15621.156211562116,2.335045105190904,2409.5238095238096,0.056880073925588005,108.83,-0.8895562872398171
DVN,2017-06-30,154000.0,4844.1558441558445,0.816737525173416,17733.766233766233,0.19432698288529301,-17.0,-3.284313931985054
RRC,2017-06-30,335260.0,1226.8925609974349,0.598468196771868,1628.3183201097656,0.13500051079897601,36.86,-23.996544454469664
MTDR,2017-06-30,30453.0,3981.28263225298,1.604264533424569,2975.798771877976,-0.267590611130116,34.11,11.043511513688342
CNX,2017-06-30,291900.0,1029.3662213086673,1.87818656549803,569.7019527235354,-0.034604288847477,-7.13,-2.811240426967275
CRC,2017-06-30,131000.0,916.0305343511451,-0.779980500487487,13129.770992366412,-1.343247485505438,-9.03,33.333342778746605
GPOR,2017-06-30,3290.0,87128.57142857143,2.000999215172204,232377.5075987842,-0.70164573713111,17.97,-9.773814327198233
NOG,2017-06-30,6718.366,4427.242427697449,2.8675856485391993,22151.96373642043,-0.517815475565464,-1.9537,-29.285729109589578
REPX,2017-06-30,100000.0,0.21,-2.206246901338621,87.7,-1.038523993057879,0.0,-7.352955919432591
EP,2017-06-30,100000.0,-1.09413,-12.107615838809755,0.77268,-0.801115507412797,0.0,-26.24999790452416
MXC,2017-06-30,104.1,2035.0528338136407,-2.433565470825654,8991.633045148896,-0.26728501041575803,0.8200000000000001,22.82329001428939
NFG,2016-12-31,20506.0,33380.86413732566,1.570336348496401,52323.466302545596,0.031615954469599,18.0,4.890505998491945
SLNG,2016-12-31,100000.0,4.28,-4.815735925842189,294.26,-0.155530797675411,0.0,19.354843919656936
DVN,2016-12-31,611000.0,2454.991816693944,1.1543156059285091,24700.490998363337,0.9486243145730281,-10.15,-3.153084384191831
RRC,2016-12-31,257021.5,1505.9751810646192,-1.42444167805255,1983.5383421231297,0.632680727881571,10.514,-3.9580831006142043
MTDR,2016-12-31,27813.0,4820.982993564161,-6.651418583771716,15877.071872865206,-0.197946279214219,11.46,5.8229860773687605
CNX,2016-12-31,192331.0,2413.8490414961707,-3.333957537350658,6994.795430793788,0.064973173691853,20.0,-6.363134782211023
MUR,2016-12-31,175654.0,3420.332016350325,-0.620637809760427,12525.42498320562,0.565546337418323,-15.52,-8.636316373215028
GPOR,2016-12-31,1056970.0,319.63348060966723,-5.691729741697242,723.3147582239799,-0.70164573713111,36.14,-9.773814327198233
DMLP,2016-12-31,1003.0,28193.419740777666,31.195786404011248,16540.37886340977,-0.21663472778078102,-3.43,-7.923814619579672
REPX,2016-12-31,293.15,-3452.1575984990623,-3.036673674375146,29916.42503837626,-1.098459473867862,-17.1,-14.285714285714286
MXC,2016-12-31,194.0,17.52577319587629,-1.235594649214059,3698.453608247423,-0.28310642316792,-12.49,4.999985730830922
CKX,2016-12-31,50.27,5585.975731052317,1.183729814921623,13448.219614083946,0.700841322756884,-14.78,4.162900310201609
SLNG,2017-03-31,100000.0,4.28,-7.365096233321526,294.26,0.369632498347827,0.0,-11.627912005583651
FANG,2017-03-31,61610.0,14429.475734458692,2.139394319983672,1928.5830222366499,0.24609022699754202,59.06,0.23139681738533302
DVN,2017-03-31,563000.0,1325.044404973357,1.058145625982189,5046.181172291296,0.8295973783264201,-17.81,-9.108342495146147
EXE,2017-03-31,526027.0,188.2032671326757,1.196683477220275,4775.420273103852,-1.165337947350241,-21.31,-3.689701494080942
RRC,2017-03-31,321979.0,701.4805313390003,1.489360863860995,1534.7243143186356,0.395543672513235,38.23,-13.539517978213585
CNX,2017-03-31,173260.0,1222.4114048251183,-0.43201486718309,935.8767170726077,0.010186102519924,-2.56,-3.337296481173479
CRC,2017-03-31,132000.0,1007.5757575757576,0.849767516434183,13030.30303030303,-1.343247485505438,-10.81,33.333342778746605
GPOR,2017-03-31,141598.0,1007.3941722340711,3.117828293461614,5399.2429271599885,-0.70164573713111,-14.62,-9.773814327198233
DMLP,2017-03-31,21319.0,473.09911346686056,12.436881585476197,197.24189689947934,-0.14554655745731201,-6.19,-0.28050917209764303
MXC,2017-03-31,100493.5,2.066919751028673,-0.027179590283807002,30.529486981745087,-0.5998001411329571,-12.02,2.590681698966906
CKX,2017-03-31,49.0,-1076.469387755102,0.30776516621146804,3460.469387755102,1.305537864889845,19.25,-3.277301166867407
SLNG,2017-09-30,100000.0,-20.36,-2.834868887313961,294.26,-0.147812059035125,0.0,-9.37499837018552
FANG,2017-09-30,113372.0,7841.442331439862,1.002035246875226,1399.0579684578204,-0.20260452842615,89.28,13.28092385181992
DVN,2017-09-30,527000.0,5519.924098671727,0.7003156863456581,5370.018975332068,0.047348538454375005,-8.67,8.008755424442608
RRC,2017-09-30,331035.0,1814.1042487954446,-1.097292180207856,2059.9755312882326,-0.42258346097862803,31.68,-5.058794933415814
MTDR,2017-09-30,41954000.0,5.3038089335939365,0.8135622927753131,2.377127329932783,-0.12868832391284502,37.26,4.051587305484787
CNX,2017-09-30,63636.0,7571.971839839085,-0.29445737255957,2696.712552643158,-0.167498449386966,4.77,-4.899645314225438
CRC,2017-09-30,128000.0,1757.8125,-2.151059356299531,13437.5,-1.343247485505438,-7.25,33.333342778746605
MUR,2017-09-30,215889.0,3792.6804978484315,-0.6465374095473071,2131.5444510836587,-0.132813377337055,-9.21,9.920649486629848
GPOR,2017-09-30,128456.0,3828.026717319549,0.32693284815434803,5951.625459301239,-0.70164573713111,47.24,-9.773814327198233
NOG,2017-09-30,10580.0,6198.584026465029,-3.254162079308547,14066.63516068053,-1.625875823243537,3.315,31.111102250762833
DMLP,2017-09-30,621370.0,50.330720826560665,8.180737217598098,8.458728293931152,-0.370049063437892,27.02,5.372173126478832
REPX,2017-09-30,100000.0,2.14,-3.953809464039161,87.7,-1.12728870335627,0.0,1.492543433299412
EP,2017-09-30,100000.0,-1.671,-19.500507048974967,0.77268,-0.665088938959804,0.0,-8.947370980254863
PED,2017-09-30,428795.0,-0.508401450576615,-8.193658588662325,2.411408715120278,-0.444798826329495,-17.38,-46.610167522397454
CKX,2017-09-30,57.04,4853.523842917251,0.350194000021299,2047.335203366059,0.47886023119375704,-8.64,-4.245293667638501
SLNG,2016-09-30,100000.0,4.28,-7.188450264361833,294.26,0.6997382056067041,0.0,-33.33333498901784
FANG,2016-09-30,44923.0,19789.417447632615,-0.06325020988858801,3014.892148787926,0.25385945261903103,31.81,-2.299544463133031
DVN,2016-09-30,769333.0,1949.7408794371229,3.7034274419125053,3597.9218361879707,1.389558697862494,-15.15,-2.947195073557958
RRC,2016-09-30,251389.0,1539.7173305116771,-0.37053094663060104,1865.1691203672397,1.322621883738227,4.38,-13.264494830133867
MTDR,2016-09-30,26853.0,3592.2243324768183,1.01308235677719,2676.758648940528,0.0015648444293470001,6.95,-3.94416647311862
CRC,2016-09-30,138000.0,1050.7246376811595,8.622867972204675,12463.768115942028,-1.343247485505438,-12.66,33.333342778746605
GPOR,2016-09-30,119600.0,2050.794314381271,-5.113915112052208,6392.324414715719,-0.70164573713111,36.04,-9.773814327198233
DMLP,2016-09-30,5032.0,4285.174880763116,9.59218425305934,801.2718600953895,-0.23216169931237401,15.53,1.614187615159347
REPX,2016-09-30,100000.0,-10.12,-10.511692521416995,87.7,-0.701835252884612,0.0,-41.88033407583617
MXC,2016-09-30,279.732,182.40673215792256,-1.487578015119893,2749.7032874322563,-0.392026316504379,-18.17,1.219522073981391
CKX,2016-09-30,45.41,4032.2836379652063,0.14863205099850701,4254.745650737724,1.2473404739165521,-24.29,2.181811877700011
SLNG,2016-06-30,100000.0,23.67,0.403840496376133,294.26,0.8772411023402651,0.0,49.0566002087647
DVN,2016-06-30,160000.0,30612.5,-5.762736749376009,24906.25,0.499509745473301,-2.0,15.751734245806574
RRC,2016-06-30,247862.15,1561.6260893403853,-3.5255437190712042,1840.623911315221,1.626391333330195,3.511,-9.272120924343742
CNX,2016-06-30,186534.0,1208.3480759539816,1.7323877404874781,3328.3262032658927,0.058017071540530006,0.0,11.435678084869217
GPOR,2016-06-30,78920.0,1808.4642676127723,-10.489545679209012,9687.303598580842,-0.70164573713111,-24.21,-9.773814327198233
DMLP,2016-06-30,1298.63,10333.96733480668,8.41273431536091,3124.8315532522734,-0.349529408936794,9.68,11.558184119835886
REPX,2016-06-30,100000.0,4.82,-16.738683127572017,234.95,-1.006929442797945,0.0,58.66666124008292
MXC,2016-06-30,103500.0,-0.23423188405797102,-1.7952691144839492,8.91176811594203,-1.06148763600102,-5.17,68.42104948621126
CKX,2016-06-30,54.1,2132.5878003696857,0.024855304877467004,2982.125693160813,1.328176407419754,-32.42,1.410933548836737
SLNG,2016-03-31,100000.0,23.67,-7.815761650445957,294.26,0.570772002237878,0.0,40.33149404151118
FANG,2016-03-31,153232.0,5801.660227628694,-1.118330224783967,751.0441683199332,0.22150935111218903,26.432,10.76699781481594
DVN,2016-03-31,184000.0,26619.565217391304,-10.671508887104096,30576.08695652174,0.301750818648162,-5.64,18.51309799145733
EXE,2016-03-31,167123.0,-2519.1026968161173,-6.954483297519046,18261.99864770259,-1.165337947350241,-1.6099999999999999,-3.689701494080942
RRC,2016-03-31,235711.0,1642.1295569574606,-1.398507117663288,1981.9227783175158,1.427865775841224,4.109,29.74058145229955
CRC,2016-03-31,148000.0,777.027027027027,-0.7505253677574301,11621.621621621622,-1.343247485505438,-10.84,33.333342778746605
DMLP,2016-03-31,5604.0,797.644539614561,2.172714878310562,825.8386866523912,-0.37208133486071604,-1.03,14.010221878847487
REPX,2016-03-31,150000.0,3.213333333333333,-12.348284960422163,156.63333333333333,-0.344768865793506,0.0,-21.481491921513214
REI,2016-03-31,120000.0,78.31293333333333,-6.43812706281317,732.3584083333334,0.6303945948572011,0.0,43.76237534013596
SLNG,2015-12-31,120000.0,19.725,-9.376457782615457,245.21666666666667,0.9972338087093621,-3.63,10.476192314338334
FANG,2015-12-31,33098.0,26859.628980603058,-6.813091413554056,35863.25457731585,-0.044225419223725006,69.96,5.291459425213008
EXE,2015-12-31,679452.0,1816.169501303992,-84.13422663740326,46630.22553469561,-1.165337947350241,-3.88,-3.689701494080942
RRC,2015-12-31,232570.0,1664.3075203164638,-4.664138465464865,3856.219632798727,0.8139108262427961,20.05,9.061358344321807
CNX,2015-12-31,155246.575,3295.377047770619,0.27818181718372204,13715.561840897293,-0.801046825031777,39.4306,12.43442603093819
CRC,2015-12-31,160000.0,2518.75,-50.38990500496243,10750.0,-1.343247485505438,0.629,33.333342778746605
GPOR,2015-12-31,111427.0,2891.3907760237644,-24.91560046468474,6861.191632189685,-0.70164573713111,110.15,-9.773814327198233
DMLP,2015-12-31,135260.0,204.7316279757504,17.978000515400996,137.62383557592784,-0.48189356207855505,-11.37,3.216750337036406
REPX,2015-12-31,353.7,1362.7367825841109,-206.12857500208455,66426.35001413627,-0.41107700008079,-15.2,16.666666666666668
MXC,2015-12-31,295862.0,1.2342882830508821,-14.1489438638574,10.460484955823999,-0.33130528515498703,20.36,-25.387003813312585
FANG,2015-09-30,136328.0,6521.037497799425,-5.240787898196054,8706.956751364356,-0.8338647812994321,65.16,20.882382026744843
DVN,2015-09-30,188000.0,26053.191489361703,-10.232843137254902,48111.70212765958,0.616978345668822,0.59,21.488288143637497
RRC,2015-09-30,249130.517241,1553.6755765074104,-3.583608481354395,3675.4308951810235,0.825030434367056,19.5615,-7.65876186589991
CNX,2015-09-30,158000.0,2558.753164556962,0.228719188786415,3327.5506329113923,-0.8740412444325221,20.0,-27.258356086115572
CRC,2015-09-30,160750.0,2562.98600311042,-0.872995886846302,10699.844479004665,-1.343247485505438,2.547,33.333342778746605
GPOR,2015-09-30,107838.0,2180.038576383093,-9.209238440681021,7089.541719987388,-0.70164573713111,154.802,-9.773814327198233
DMLP,2015-09-30,5766.0,3898.022892819979,3.419576854448126,816.1637183489421,-0.36680699086212404,10.71,-2.227808508865137
REPX,2015-09-30,100000.0,4.82,-15.909090909090908,234.95,0.12443312738511601,0.0,-13.043471721270791
REI,2015-09-30,100000.0,93.97552,-0.45192619013212604,878.83009,1.6969954223747181,0.0,-1.013165440272401
EP,2015-09-30,100000.0,-0.9911500000000001,-18.49458706229707,0.77268,-0.72317305763558,0.0,3.174597730742408
SLNG,2015-06-30,100000.0,-22.09,1.265003122036955,294.26,1.955494925268702,0.0,-15.686269193280335
FANG,2015-06-30,30302.0,29337.997491914724,-6.693672121781212,9340.901590654083,-1.09215018336374,92.93,-4.9217383621909665
DVN,2015-06-30,674000.0,8873.887240356084,-6.948625573705769,11507.418397626112,1.451346835528766,1.05,-22.659279739575087
RRC,2015-06-30,228763.0,3250.254630337948,-1.346751411066019,1858.5610435253952,1.257884546563331,24.25,-25.192392145295393
GPOR,2015-06-30,76133.0,1824.0973034032547,-0.6520799215797131,10041.926628400299,-0.70164573713111,179.74,-9.773814327198233
DMLP,2015-06-30,2696.18,5961.397236089579,4.7038520801232675,1656.4175982315721,-0.23537241986641502,-5.7,-31.020480659566218
REPX,2015-06-30,100000.0,3.4,-0.21046801440044302,145.27,-0.053031022224324,0.0,-14.814836308997796
REI,2015-06-30,100000.0,93.97552,0.21253806559352903,878.83009,1.305612943995544,0.0,-15.01339959338871
MXC,2015-06-30,280.61,996.3935711485691,-1.489560320566408,4055.771355261751,-0.5955005543174651,19.54,-56.00858610410476
SLNG,2014-12-31,100000.0,-22.09,-10.928469043325473,294.26,2.608142330994572,0.0,-19.168180459317472
CNX,2014-12-31,111343.0,8413.425181645905,0.6320741101874731,27158.168901502566,2.060344820983225,36.8,-0.8423361139148141
GPOR,2014-12-31,40987.0,10000.073193939541,3.041133336261936,18652.79234879352,-0.70164573713111,258.84,-9.773814327198233
DMLP,2014-12-31,2591781.0,22.247250057007133,46.394691772041554,7.9647933216579645,0.12478142657872102,-10.8,1.792007485257691
REPX,2014-12-31,417.26,15747.974883765519,-2.128061789408301,34815.223122273885,0.047785900824967004,-6.34,7.692299263443062
SLNG,2014-09-30,100000.0,-0.71,-4.602270116263039,294.26,1.878041971401128,0.0,-22.40215764635748
DVN,2014-09-30,676000.0,8847.633136094675,1.998465744802218,5269.2307692307695,0.31205939103087005,-2.89,-6.028178804348588
RRC,2014-09-30,1208546.0,615.2335120053353,1.822377387375613,311.53799689875274,1.017897341309803,25.91,6.621477369576829
GPOR,2014-09-30,27282.0,10479.40033721868,0.20709962659219003,28022.945531852503,-0.70164573713111,-3.220339,-9.773814327198233
DMLP,2014-09-30,918.0,51208.06100217865,10.595917736497908,5175.381263616558,-0.38348105756500606,-9.86,-6.486235659794608
REI,2014-09-30,100000.0,219.88487,1.1123055877676111,878.83009,1.023065443175847,0.0,-6.445046295906899
PED,2014-09-30,213.0,5018.779342723004,-10.60979412426396,4854.460093896713,-0.376365687232079,305.3,-57.50000029075437
SLNG,2014-06-30,100000.0,4.84,-2.949049701079682,294.26,1.165407013546797,0.0,-2.794118410163251
DVN,2014-06-30,682500.0,7964.8351648351645,1.320551697153477,4008.7912087912086,0.23206328555917202,-4.44,-8.526452675952738
RRC,2014-06-30,1104664.0,673.0897358834903,2.197137691944601,175.70501075440134,1.238772077679349,21.4,-14.008063818256801
CNX,2014-06-30,108789.0,5121.354181029332,-5.215867658103511,8834.450174190406,0.6848693833947691,30.0,-13.145566962200178
GPOR,2014-06-30,17153.4,11747.466974477362,1.578350878628076,44569.70629729383,-0.70164573713111,198.4,-9.773814327198233
DMLP,2014-06-30,2162.3,14929.47324608056,11.729143714182552,2479.7669148591776,-0.5445975069191971,21.05263157894737,11.376910450199691
REPX,2014-06-30,100000.0,34.48,0.9506278682737401,104.95,-0.16806076579832002,0.0,-2.272727272727273
SLNG,2014-03-31,120000.0,-17.783333333333335,1.2354093891113571,245.21666666666667,1.2653900350095,50.1,-9.425624007086686
DVN,2014-03-31,690900.0,7867.998263135041,0.6140433999810481,4392.820958170502,-0.20617518704722101,0.5823,7.201518439132299
RRC,2014-03-31,176032.17,4223.875669998273,0.434611491057796,2307.6293384328555,1.222378237782861,20.58,7.364147863930294
CNX,2014-03-31,109589.0,3066.9319000994624,0.6822147745150291,7655.640620865232,0.38326911398497404,30.0,9.99524386607135
GPOR,2014-03-31,6680.82,23372.879377082456,2.879887703983906,114435.35374400149,-0.70164573713111,323.26,-9.773814327198233
DMLP,2014-03-31,4940.0,3297.570850202429,11.629186128293448,1030.7692307692307,-0.662151295697334,-9.829,10.243567305805655
REPX,2014-03-31,100000.0,18.85,1.065246338215712,104.95,0.11666840078150001,0.0,-13.72549019607843
CKX,2014-03-31,52.35,7332.702960840496,2.387405911412662,2792.6456542502387,-0.48305310815800906,-11.54,-1.189685894055264
SLNG,2013-09-30,100000.0,-2.47,1.971122292714942,294.26,1.362281421118902,0.0,26.939348466938306
DVN,2013-09-30,691800.0,5780.572419774501,1.050286441756842,2863.5443769875687,-0.6646484234765391,1.21,3.583813955839869
RRC,2013-09-30,159976.0,3143.38400760114,0.27277783072071704,2569.097864679702,0.950849512365956,21.49,-1.673487197854704
GPOR,2013-09-30,7082.0,19913.866139508613,1.8333288850065301,107952.83818130472,-0.70164573713111,31.6,-9.773814327198233
DMLP,2013-09-30,4487209.0,9.473149122316345,9.371403661726243,1.27518018438633,-0.768919815326732,-12.4,4.023134665028075
REI,2013-09-30,100000.0,50.49526,-0.249424987890862,878.83009,0.71786145186043,0.0,-8.620689655172415
CKX,2013-09-30,56.48,13592.581444759207,7.433128585319431,2936.8626062322946,-0.570373787319272,-35.36,0.8742439914676541
SLNG,2013-06-30,100000.0,18.48,2.378076062639821,294.26,1.499209033812904,0.0,6.6290519051695345
DVN,2013-06-30,692300.0,3463.8162646251626,1.706646676661669,3024.700274447494,-0.800000267547687,26.0,10.845418341003086
RRC,2013-06-30,156889.0,1783.993779041233,2.077622203861312,2752.7678804760053,1.135137177701539,29.21,1.595615993642949
GPOR,2013-06-30,6043.84,12168.588182347647,2.091205134016437,126496.06872451951,-0.70164573713111,22.74,-9.773814327198233
DMLP,2013-06-30,3500.0,7908.0,10.310825294748124,1546.0,-0.727151436948814,19.44,0.811803901033582
REPX,2013-06-30,100000.0,42.2,1.842350189723886,104.95,0.09137841730027,0.0,6.25
REI,2013-06-30,100000.0,13.70465,-1.836292002338939,878.83009,0.023486006680345003,0.0,44.50867689314283
PED,2013-06-30,100000.0,-27.14248,-13.795207092740668,10.34,-0.286041037190439,0.0,0.0
SLNG,2013-03-31,100000.0,12.59,3.841148859041688,294.26,0.618786244196433,0.0,19.193857824916012
RRC,2013-03-31,151028.0,1332.5277431999364,-1.101138260353008,2926.8016526736765,1.036568061947929,32.17,-5.451781106394106
GPOR,2013-03-31,6400.0,5469.84375,2.222981636043443,119456.5625,-0.70164573713111,-13.11,-9.773814327198233
DMLP,2013-03-31,878.33,16662.30232372798,6.481685509432683,6341.580043947036,-0.8218901598307651,-42.13,7.9069854424597015
REI,2013-03-31,100000.0,-3.73422,-3.383738159913597,878.83009,-0.29880072428312004,0.0,3.550292351955469
EP,2013-03-31,100000.0,-0.17529,-20.237534199950254,0.6183700000000001,-0.7601929472502451,0.0,-40.000001241763464
MXC,2013-03-31,247.17,3304.575798033742,-0.414486532923299,13151.636525468302,-0.9029870066670611,5.53,-9.886174717366439
CKX,2013-03-31,58.37,4030.563645708412,17.77133381325375,3319.89035463423,-0.754241991387058,-50.82,-0.13954755155904902
GPOR,2012-09-30,7174.0,23121.828826317258,0.051720105624406,106568.44159464733,-0.70164573713111,18.08,-9.773814327198233
DMLP,2012-09-30,100000.0,440.36,6.665573367225616,61.78,-0.895559286263607,0.0,-1.589132829451215
REPX,2012-09-30,100000.0,74.07,2.485117834135203,104.95,0.7351306310079221,0.0,-19.178076616523548
EP,2012-09-30,100000.0,-1.61314,-14.874039346013472,0.58801,-0.761974045811999,0.0,0.0
CKX,2012-09-30,92.0,12249.847826086956,3.590256603103695,2264.836956521739,-0.823606508127746,63.63,-2.322297107756047
SLNG,2012-06-30,100000.0,-20.91,2.239543308815457,294.26,0.480407109026566,0.0,4.9411773681640625
GPOR,2012-06-30,3588.0,27730.490523968783,2.881050699701766,213077.48049052397,-0.70164573713111,24.77,-9.773814327198233
DMLP,2012-06-30,179000.0,181.52513966480447,6.793350655855743,36.659217877094974,-0.8211394507505241,21.16,3.491218642383406
REPX,2012-06-30,438356.0,8.921972095739536,2.156532090070429,23.9417277281479,1.318404158192664,0.0,-7.499990588267853
CKX,2012-06-30,72.79,10791.825800247287,3.590256603103695,2502.4179145487014,-0.46593696034792004,80.23,14.545460684961544
SLNG,2012-03-31,100000.0,-7.29,0.9290681502086231,294.26,0.362839012669443,0.0,-9.638554562953372
GPOR,2012-03-31,1767.12,39289.35216623659,3.531941799004394,432637.2855267328,-0.70164573713111,25.4848,-9.773814327198233
DMLP,2012-03-31,6161.11,2848.025761591661,5.369571935194314,997.7098282614659,-0.8687049109018761,27.03,-11.278432683629841
EP,2012-03-31,100000.0,-0.32508000000000004,-75.68347964396048,0.7945700000000001,-0.6635673809329901,0.0,2.941175181560426
SLNG,2011-12-31,100000.0,10.52,-14.341309927962243,294.26,0.635064148435434,0.0,-9.448819415007154
GPOR,2011-12-31,154734.0,1021.999043519847,4.481464440836972,4940.879186216345,-0.70164573713111,18.07,-9.773814327198233
DMLP,2011-12-31,183460.0,302.49645699335,9.245004167571391,148.8662378720157,-0.8890725638076811,8.57,2.607717059653079
REPX,2011-12-31,5035.89,1686.0971943390343,10.174134220309137,2084.040755457327,0.7718094193376851,1726.2,22.535185754806566
EP,2011-12-31,1992.0,-132.38504016064257,-75.68347964396048,122.58684738955823,-0.7167455752717261,0.0,4.16667529002421
MXC,2011-12-31,234.57,4266.666666666667,0.33347731819609805,2957.4242230464256,-0.755542528397063,-12.24,2.571423871941301
CKX,2011-12-31,26.85,37562.12290502793,8.6564773397724,25111.098696461824,-1.2547194919952092,-7.85,1.4978024615286611
GPOR,2011-09-30,4578.0,26659.23984272608,5.241608349279141,166999.126256007,-0.70164573713111,11.97,-9.773814327198233
DMLP,2011-09-30,4169.41,10194.72779122226,7.935391321139893,1644.59719720536,-0.8413876857430691,14.54,5.057182963105817
REPX,2011-09-30,109589.0,53.335645000866876,2.762250791876281,95.7669109125916,1.011139087273178,0.0,-4.000000868253588
MXC,2011-09-30,254.01,2504.7832762489666,0.5198899962296301,2772.705798984292,-0.880213162600272,-8.11,5.437123082132276
DMLP,2011-06-30,4536.0,6087.7425044091715,6.678378322954618,1469.1358024691358,-0.829145227538807,-28.0,-4.473078422386193
SLNG,2011-03-31,100000.0,5.52,-4.978399506274429,294.26,-0.33026420993725103,0.0,9.890109122348903
DMLP,2011-03-31,5064.0,2750.789889415482,5.544343646112951,1293.2464454976302,-0.81135546691543,55.19,-3.438480300825323
REPX,2011-03-31,161644.0,10.362277597683798,-4.390047548365996,64.92662888817401,1.942195377427225,0.0,-31.623929067026808
DMLP,2010-12-31,909.0,58045.10451045105,5.544343646112951,28918.59185918592,-0.707634471377234,8.5,0.44573322903106705
SLNG,2010-09-30,100000.0,-6.72,-4.978399506274429,294.26,-0.13258226838495402,0.0,7.327589706277551
REPX,2010-09-30,86644.0,33.712663311943125,-4.390047548365996,121.1278334333595,0.287980155094201,0.0,18.6046511627907
PED,2010-09-30,100000.0,10.36085,-41.89985822570699,10.34,0.579317299196298,0.0,8.333327025963706
SLNG,2010-06-30,100000.0,-8.49,-4.978399506274429,294.26,-0.145555723874099,0.0,7.177038350599668
REPX,2010-03-31,306849.32,5.501071340161353,-4.390047548365996,34.20245480746055,0.448006277557129,-50.0,0.0
SLNG,2009-12-31,100000.0,-8.49,-4.978399506274429,294.26,-0.099894956877248,0.0,-3.097342191955019
REPX,2009-12-31,595.0,2836.9747899159665,-4.390047548365996,17638.655462184874,0.47980666858498505,-6.3047,-4.444453086780744
SLNG,2009-09-30,100000.0,-8.49,-4.978399506274429,294.26,0.101749224598056,0.0,1.276604724502755
REPX,2009-09-30,100000.0,16.88,-4.390047548365996,104.95,0.9903880212873931,0.0,-2.000008139875623
PED,2009-09-30,150000.0,-1.454986666666666,-41.89985822570699,6.893333333333333,1.1849745879606801,0.0,12.500002838316547
SLNG,2009-06-30,100000.0,-8.49,-4.978399506274429,294.26,-0.041809424183791,0.0,-4.265398987862234
PED,2009-06-30,100000.0,-2.18248,-41.89985822570699,10.34,1.586715102812334,0.0,-30.000000908261253
REPX,2009-03-31,1000000.0,1.6880000000000002,-4.390047548365996,10.495,2.07822771479534,0.0,0.0
REI,2009-03-31,100000.0,-0.45576000000000005,-8.344248811179435,878.83009,-0.297666040163932,0.0,-3.333330154418945
SLNG,2008-12-31,100000.0,-8.49,-4.978399506274429,294.26,0.36491563978949204,0.0,12.432426859463526
REPX,2008-12-31,635.0,2658.267716535433,-4.390047548365996,16527.55905511811,3.207702176502063,29.86,-19.35482812190857
REI,2008-12-31,100000.0,-0.45576000000000005,-8.344248811179435,878.83009,0.19814950555295202,0.0,-23.86364018128915
SLNG,2008-09-30,100000.0,-8.49,-4.978399506274429,294.26,0.048556035326976006,0.0,-11.214957297079053
DMLP,2008-09-30,3560.0,10504.494382022473,5.544343646112951,6369.662921348315,-0.9698667783703641,0.33,-13.853413116897244
PED,2008-09-30,100000.0,-2.18248,-41.89985822570699,10.34,3.574837955693201,0.0,-21.428569111578405
CKX,2008-09-30,120.0,3683.016666666667,8.743000416132197,1826.475,-1.119838854222899,-15.56,-5.200001124707576
SLNG,2008-06-30,100000.0,-8.49,-4.978399506274429,294.26,0.31491278409141904,0.0,-20.545456626198508
REI,2008-06-30,100000.0,-0.45576000000000005,-8.344248811179435,878.83009,-0.8479760516594681,0.0,18.33333174387614
PED,2008-06-30,100000.0,-2.18248,-41.89985822570699,10.34,3.082240945885861,0.0,-14.285714285714286
CKX,2008-06-30,127.39,3469.3618023392733,8.743000416132197,1720.5196640238637,-1.638393430580252,-10.87,-6.365671775199554
REPX,2008-03-31,100000.0,16.88,-4.390047548365996,104.95,0.586948365260204,0.0,26.22954188500888
PED,2008-03-31,100000.0,-2.18248,-41.89985822570699,10.34,2.926743100526017,0.0,-4.166671081825405
CKX,2008-03-31,118.13,3741.318885973081,8.743000416132197,1855.3881317192925,-1.318031749687603,5.44,10.256433098258272
SLNG,2007-12-31,100000.0,-8.49,-4.978399506274429,294.26,0.44689414171121705,0.0,4.999995231628418
REPX,2007-12-31,488577.0,3.454931361893826,-4.390047548365996,21.480749196134898,0.32406056403377304,-0.6900000000000001,20.0
SLNG,1999-09-30,32752000.0,-0.025922081094284,-4.978399506274429,0.898448949682462,2.811769342258397,1558.33,-19.245773836943645
MXC,1999-09-30,37154000.0,0.031306211982559,0.9762440549943621,0.08261689185552,-0.713092782566483,1769.85,1.96077107157894
DVN,2015-03-31,195000.0,30671.79487179487,-7.949374917171003,44923.07692307692,2.23801533012474,-0.87,8.903999538978303
CNX,2015-03-31,263014.0,868.2807759282775,-0.836587185225197,2897.347669705795,1.432160298962423,20.0,13.410876829042232
GPOR,2015-03-31,17431.5,5681.496142041706,0.6794923205305781,43858.64670280813,-0.70164573713111,161.12,-9.773814327198233
DMLP,2015-03-31,2633.33,3816.4605271652244,4.660277235048614,1812.9136872325155,0.033113753098140006,14.9,3.159864646096236
REPX,2015-03-31,100000.0,3.4,-1.411925976696367,145.27,-0.07829845899965601,0.0,13.04350711204063
DVN,2013-12-31,116800.0,46541.09589041096,0.48277631364134604,84160.95890410959,-0.5287330934144261,1.56,0.290939612326066
CNX,2013-12-31,81427.0,8090.387709236494,6.62170168735286,39957.385142520296,0.295174473505788,10.26,2.529426354013661
GPOR,2013-12-31,11289.0,16924.882629107982,0.9014769398946061,67722.73894941979,-0.70164573713111,60.05,-9.773814327198233
DMLP,2013-12-31,165679.0,340.4052414608973,38.63634348539256,135.61767031428244,-0.7071506914122261,-5.72,-2.822771271370279
REPX,2013-12-31,445.21,17712.989375800185,7.098609991941982,23573.145257294313,-0.306155330210019,-28.07,15.384625820353362
MXC,2013-12-31,247937.0,4.586475596623336,0.517048113018451,3.4522802163452813,-0.8131821320314231,3.65,11.014494510541073
CKX,2013-12-31,55.65,21177.017070979335,7.433128585319431,13390.601976639713,-0.5989604374852431,-42.22,-1.803602368216147
DVN,2012-12-31,682300.0,7263.667008647222,-0.8239855975626641,13816.503004543456,-1.010982972444279,3.74,16.564157265645463
GPOR,2012-12-31,7049.0,28253.369272237196,1.006292575622415,108458.22102425876,-0.70164573713111,10.29,-9.773814327198233
EP,2012-12-31,327.4,-535.1618814905315,-78.09813284339867,188.87293830177154,-0.7782386054710241,-54.73,11.111105745466787
MXC,2012-12-31,243.325,2068.66947498202,-0.22414132297292202,3571.655193671016,-0.8988456947437401,0.7543000000000001,-0.7455809801874661
DMLP,2007-09-30,296.0,126337.83783783784,5.544343646112951,76608.1081081081,-0.9595777582667591,-9.26,5.6529552654399655
REPX,2007-09-30,100000.0,16.88,-4.390047548365996,104.95,1.475144359364886,0.0,-4.47758764216232
MXC,2007-09-30,150000.0,7.75434,0.9762440549943621,20.463653333333333,-0.7329442958775031,0.0,-7.766986117105033
CKX,2003-06-30,100000.0,4.41962,8.743000416132197,2.19177,-0.37174508746782603,0.0,-4.316563350485659
DMLP,2002-12-31,120000.0,311.6333333333333,5.544343646112951,188.96666666666667,-0.8940731161776331,-6.57,-8.073170156449486
REPX,2013-05-14,100000.0,22.96,2.164272185522243,104.95,0.4374883439243,0.0,-8.620682033113432
REPX,2012-05-14,100000.0,8.12,1.760293583901278,104.95,1.4663911520151451,0.0,-26.041658187629558
REPX,2010-08-12,306849.0,4.015004122548876,-4.390047548365996,34.20249047577147,0.590207159969198,-50.0,-6.521722589096705
REPX,2007-06-30,100000.0,16.88,-4.390047548365996,104.95,1.872802159203543,0.0,-12.162173161994085
REPX,2007-03-31,100000.0,16.88,-4.390047548365996,104.95,1.872802159203543,0.0,-12.162173161994085
MXC,2007-03-31,200.83333333333334,5791.623236514522,0.9762440549943621,15284.05643153527,-0.713092782566483,-2.22,1.96077107157894
REPX,2006-09-30,404400.0,4.17408506429278,-4.390047548365996,25.952027695351138,1.872802159203543,36.56,-12.162173161994085
REPX,2005-12-31,362.05,4662.33945587626,-4.390047548365996,28987.70887998895,1.872802159203543,-17.03,-12.162173161994085
REPX,2005-09-30,100000.0,16.88,-4.390047548365996,104.95,1.872802159203543,0.0,-12.162173161994085
REPX,2003-09-30,300000.0,5.626666666666667,-4.390047548365996,34.983333333333334,1.872802159203543,0.0,-12.162173161994085
CKX,2003-09-30,100000.0,4.41962,8.743000416132197,2.19177,-0.37174508746782603,0.0,-4.316563350485659
CKX,2003-12-31,425.092,1039.685526897707,8.743000416132197,515.5989762216179,-0.37174508746782603,15.93,-4.316563350485659
MXC,1999-06-30,29338000.0,0.039646567591519,0.9762440549943621,0.104627036607812,-0.713092782566483,1361.06,1.96077107157894
MXC,1998-12-31,31556000.0,0.036859899860565,0.9762440549943621,0.097273038407909,-0.713092782566483,1434.8,1.96077107157894
CKX,1998-12-31,100000.0,4.41962,8.743000416132197,2.19177,-0.37174508746782603,0.0,-4.316563350485659
CKX,1998-09-30,21176000.0,0.020870891575368002,8.743000416132197,0.010350255005666002,-0.37174508746782603,829.587357,-4.316563350485659
MXC,1998-03-31,104401.0,11.141186387103572,0.9762440549943621,29.401519142536948,-0.713092782566483,0.0,1.96077107157894
CKX,1998-03-31,17610000.0,0.025097217490062003,8.743000416132197,0.012446166950596001,-0.37174508746782603,674.07,-4.316563350485659
CKX,1997-12-31,80614000.0,0.0054824472176040005,8.743000416132197,0.0027188453618470004,-0.37174508746782603,3445.0,-4.316563350485659
